Workbook

Sheet SLA_Targets
A1: Priority | B1: First_Response_Target_Hours | C1: Resolution_Target_Hours
A2: Critical | B2: 0.5 | C2: 4
A3: High | B3: 1 | C3: 8
A4: Medium | B4: 4 | C4: 24
A5: Low | B5: 8 | C5: 48

Sheet Agent_Master
A1: Agent_ID | B1: Agent_Name | C1: Support_Team | D1: Experience_Years | E1: Location
A2: A001 | B2: Riya Shah | C2: Workplace Support | D2: 4.2 | E2: Mumbai
A3: A002 | B3: Kabir Mehta | C3: Workplace Support | D3: 2.1 | E3: Pune
A4: A003 | B4: Aman Verma | C4: Identity & Access | D4: 5.6 | E4: Bengaluru
A5: A004 | B5: Neha Iyer | C5: Identity & Access | D5: 3.4 | E5: Bengaluru
A6: A005 | B6: Sana Khan | C6: Business Apps | D6: 6.3 | E6: Mumbai
A7: A006 | B7: Arjun Rao | C7: Business Apps | D7: 1.8 | E7: Hyderabad
A8: A007 | B8: Meera Nair | C8: Network & Infra | D8: 7.1 | E8: Pune
A9: A008 | B9: Dev Malhotra | C9: Network & Infra | D9: 3 | E9: Delhi
A10: A009 | B10: Ishita Bose | C10: Workplace Support | D10: 1.2 | E10: Kolkata
A11: A010 | B11: Rohan Sen | C11: Business Apps | D11: 4.8 | E11: Kolkata
A12: A011 | B12: Tanya Joshi | C12: Identity & Access | D12: 2.7 | E12: Delhi
A13: A012 | B13: Vikram Pillai | C13: Network & Infra | D13: 5.1 | E13: Hyderabad
A16: Row Labels | B16: Sum of Experience_Years
A17: Business Apps | B17: 12.9
A18: Arjun Rao | B18: 1.8
A19: Rohan Sen | B19: 4.8
A20: Sana Khan | B20: 6.3
A21: Identity & Access | B21: 11.7
A22: Aman Verma | B22: 5.6
A23: Neha Iyer | B23: 3.4
A24: Tanya Joshi | B24: 2.7
A25: Network & Infra | B25: 15.2
A26: Dev Malhotra | B26: 3
A27: Meera Nair | B27: 7.1
A28: Vikram Pillai | B28: 5.1
... A33: Grand Total | B33: 47.3

Sheet Raw_Data
A1: Ticket_ID | B1: Created_At | C1: First_Response_At | D1: Resolved_At | E1: Status | F1: Priority | G1: Issue_Category | H1: Department | I1: Channel | J1: Agent_ID | K1: Reopened | L1: CSAT_Score | M1: Agent_name | N1: Support_team | O1: Agent_exp | P1: Agent_location
A2: TKT-0001 | B2: 46175.416 | C2: 46175.666 | E2: In Progress | F2: Medium | G2: Password / Access | H2: Marketing | I2: Phone | J2: A003 | K2: No | M2: Aman Verma | N2: Identity & Access | O2: 5.6 | P2: Bengaluru
A3: TKT-0002 | B3: 46135.922 | C3: 46135.938 | D3: 46136.028 | E3: Resolved | F3: Critical | G3: ERP / Finance App | H3: Product | I3: Portal | J3: A005 | K3: No | L3: 4 | M3: Sana Khan | N3: Business Apps | O3: 6.3 | P3: Mumbai
A4: TKT-0003 | B4: 46146.728 | C4: 46146.814 | D4: 46148.227 | E4: Closed | F4: Medium | G4: CRM / Sales App | H4: Engineering | I4: Portal | J4: A010 | K4: No | L4: 4 | M4: Rohan Sen | N4: Business Apps | O4: 4.8 | P4: Kolkata
A5: TKT-0004 | B5: 46188.391 | C5: 46188.408 | D5: 46188.517 | E5: Resolved | F5: Critical | G5: Laptop / Hardware | H5: Human Resources | I5: Portal | J5: A001 | K5: No | L5: 4 | M5: Riya Shah | N5: Workplace Support | O5: 4.2 | P5: Mumbai
A6: TKT-0005 | B6: 46184.125 | C6: 46184.248 | D6: 46186.192 | E6: Closed | F6: Medium | G6: Laptop / Hardware | H6: Marketing | I6: Portal | J6: A002 | K6: No | L6: 3 | M6: Kabir Mehta | N6: Workplace Support | O6: 2.1 | P6: Pune
A7: TKT-0006 | B7: 46199.228 | C7: 46199.276 | D7: 46199.51 | E7: Resolved | F7: High | G7: Server / Connectivity | H7: Sales | I7: Phone | J7: A008 | K7: Yes | L7: 2 | M7: Dev Malhotra | N7: Network & Infra | O7: 3 | P7: Delhi
A8: TKT-0007 | B8: 46196.938 | C8: 46196.982 | D8: 46197.225 | E8: Closed | F8: High | G8: Password / Access | H8: Product | I8: Portal | J8: A011 | K8: No | L8: 4 | M8: Tanya Joshi | N8: Identity & Access | O8: 2.7 | P8: Delhi
A9: TKT-0008 | B9: 46124.164 | C9: 46124.179 | D9: 46124.693 | E9: Closed | F9: High | G9: Laptop / Hardware | H9: Operations | I9: Email | J9: A001 | K9: No | L9: 5 | M9: Riya Shah | N9: Workplace Support | O9: 4.2 | P9: Mumbai
A10: TKT-0009 | B10: 46202.51 | C10: 46202.522 | D10: 46202.589 | E10: Resolved | F10: Critical | G10: Password / Access | H10: Human Resources | I10: Phone | J10: A003 | K10: No | L10: 4 | M10: Aman Verma | N10: Identity & Access | O10: 5.6 | P10: Bengaluru
A11: TKT-0010 | B11: 46159.479 | C11: 46159.508 | D11: 46159.69 | E11: Closed | F11: Critical | G11: Server / Connectivity | H11: Product | I11: Chat | J11: A012 | K11: No | L11: 3 | M11: Vikram Pillai | N11: Network & Infra | O11: 5.1 | P11: Hyderabad
A12: TKT-0011 | B12: 46119.55 | C12: 46119.653 | D12: 46119.88 | E12: Closed | F12: Medium | G12: Email / Collaboration | H12: Marketing | I12: Portal | J12: A001 | K12: No | L12: 5 | M12: Riya Shah | N12: Workplace Support | O12: 4.2 | P12: Mumbai
A13: TKT-0012 | B13: 46199.004 | C13: 46199.18 | E13: In Progress | F13: Medium | G13: CRM / Sales App | H13: Product | I13: Portal | J13: A006 | K13: No | M13: Arjun Rao | N13: Business Apps | O13: 1.8 | P13: Hyderabad
A14: TKT-0013 | B14: 46119.218 | C14: 46119.302 | D14: 46119.644 | E14: Closed | F14: Medium | G14: Email / Collaboration | H14: Marketing | I14: Portal | J14: A001 | K14: No | L14: 4 | M14: Riya Shah | N14: Workplace Support | O14: 4.2 | P14: Mumbai
A15: TKT-0014 | B15: 46165.819 | C15: 46165.929 | D15: 46166.299 | E15: Closed | F15: Low | G15: Printer / Peripheral | H15: Sales | I15: Email | J15: A001 | K15: No | L15: 5 | M15: Riya Shah | N15: Workplace Support | O15: 4.2 | P15: Mumbai
A16: TKT-0015 | B16: 46157.51 | C16: 46157.69 | D16: 46158.271 | E16: Resolved | F16: Medium | G16: Laptop / Hardware | H16: Engineering | I16: Portal | J16: A009 | K16: No | L16: 4 | M16: Ishita Bose | N16: Workplace Support | O16: 1.2 | P16: Kolkata
A17: TKT-0016 | B17: 46195.99 | C17: 46196.255 | D17: 46197.355 | E17: Closed | F17: Medium | G17: Laptop / Hardware | H17: Marketing | I17: Portal | J17: A009 | K17: No | L17: 4 | M17: Ishita Bose | N17: Workplace Support | O17: 1.2 | P17: Kolkata
A18: TKT-0017 | B18: 46138.651 | C18: 46138.801 | D18: 46139.452 | E18: Closed | F18: Medium | G18: Laptop / Hardware | H18: Operations | I18: Portal | J18: A001 | K18: No | L18: 4 | M18: Riya Shah | N18: Workplace Support | O18: 4.2 | P18: Mumbai
A19: TKT-0018 | B19: 46137.051 | C19: 46137.113 | D19: 46137.381 | E19: Closed | F19: High | G19: Email / Collaboration | H19: Operations | I19: Email | J19: A009 | K19: No | L19: 4 | M19: Ishita Bose | N19: Workplace Support | O19: 1.2 | P19: Kolkata
A20: TKT-0019 | B20: 46180.083 | C20: 46180.121 | D20: 46180.475 | E20: Closed | F20: High | G20: CRM / Sales App | H20: Operations | I20: Portal | J20: A006 | K20: No | L20: 4 | M20: Arjun Rao | N20: Business Apps | O20: 1.8 | P20: Hyderabad
A21: TKT-0020 | B21: 46199.074 | C21: 46199.084 | D21: 46199.144 | E21: Closed | F21: Critical | G21: VPN / Network | H21: Legal | I21: Email | J21: A007 | K21: No | L21: 5 | M21: Meera Nair | N21: Network & Infra | O21: 7.1 | P21: Pune
A22: TKT-0021 | B22: 46198.26 | C22: 46198.387 | D22: 46199.022 | E22: Resolved | F22: Medium | G22: Email / Collaboration | H22: Marketing | I22: Chat | J22: A001 | K22: No | L22: 5 | M22: Riya Shah | N22: Workplace Support | O22: 4.2 | P22: Mumbai
A23: TKT-0022 | B23: 46142.964 | C23: 46143.098 | D23: 46144.359 | E23: Closed | F23: Low | G23: Printer / Peripheral | H23: Finance | I23: Portal | J23: A001 | K23: No | L23: 4 | M23: Riya Shah | N23: Workplace Support | O23: 4.2 | P23: Mumbai
A24: TKT-0023 | B24: 46145.485 | C24: 46145.497 | D24: 46145.605 | E24: Closed | F24: Critical | G24: Server / Connectivity | H24: Sales | I24: Chat | J24: A008 | K24: No | L24: 4 | M24: Dev Malhotra | N24: Network & Infra | O24: 3 | P24: Delhi
A25: TKT-0024 | B25: 46138.064 | C25: 46138.09 | D25: 46138.216 | E25: Closed | F25: High | G25: Password / Access | H25: Marketing | I25: Portal | J25: A011 | K25: No | L25: 5 | M25: Tanya Joshi | N25: Identity & Access | O25: 2.7 | P25: Delhi
... A44: TKT-0043 | B44: 46137.43 | C44: 46137.535 | D44: 46137.901 | E44: Closed | F44: Medium | G44: Password / Access | H44: Marketing | I44: Portal | J44: A011 | K44: No | L44: 5 | M44: Tanya Joshi | N44: Identity & Access | O44: 2.7 | P44: Delhi
A45: TKT-0044 | B45: 46174.065 | C45: 46174.153 | E45: Pending | F45: Medium | G45: Laptop / Hardware | H45: Marketing | I45: Email | J45: A001 | K45: No | M45: Riya Shah | N45: Workplace Support | O45: 4.2 | P45: Mumbai
A46: TKT-0045 | B46: 46181.972 | C46: 46182.388 | D46: 46185.579 | E46: Closed | F46: Low | G46: Laptop / Hardware | H46: Marketing | I46: Phone | J46: A001 | K46: No | L46: 4 | M46: Riya Shah | N46: Workplace Support | O46: 4.2 | P46: Mumbai
A47: TKT-0046 | B47: 46193.591 | C47: 46193.603 | D47: 46193.747 | E47: Closed | F47: Critical | G47: Password / Access | H47: Operations | I47: Portal | J47: A004 | K47: Yes | L47: 3 | M47: Neha Iyer | N47: Identity & Access | O47: 3.4 | P47: Bengaluru
A48: TKT-0047 | B48: 46137.642 | C48: 46137.65 | D48: 46137.712 | E48: Resolved | F48: Critical | G48: Password / Access | H48: Finance | I48: Email | J48: A011 | K48: No | L48: 5 | M48: Tanya Joshi | N48: Identity & Access | O48: 2.7 | P48: Delhi
A49: TKT-0048 | B49: 46192.389 | C49: 46192.4 | D49: 46192.527 | E49: Closed | F49: Critical | G49: ERP / Finance App | H49: Product | I49: Portal | J49: A006 | K49: No | L49: 5 | M49: Arjun Rao | N49: Business Apps | O49: 1.8 | P49: Hyderabad
A50: TKT-0049 | B50: 46137.839 | C50: 46138.033 | D50: 46141.044 | E50: Closed | F50: Low | G50: Laptop / Hardware | H50: Finance | I50: Portal | J50: A002 | K50: No | L50: 4 | M50: Kabir Mehta | N50: Workplace Support | O50: 2.1 | P50: Pune
A51: TKT-0050 | B51: 46203.401 | C51: 46203.729 | D51: 46204.221 | E51: Closed | F51: Low | G51: Laptop / Hardware | H51: Human Resources | I51: Chat | J51: A002 | K51: No | L51: 5 | M51: Kabir Mehta | N51: Workplace Support | O51: 2.1 | P51: Pune
A52: TKT-0051 | B52: 46124.738 | C52: 46124.771 | D52: 46124.989 | E52: Closed | F52: High | G52: CRM / Sales App | H52: Operations | I52: Portal | J52: A010 | K52: No | L52: 4 | M52: Rohan Sen | N52: Business Apps | O52: 4.8 | P52: Kolkata
A53: TKT-0052 | B53: 46126.587 | C53: 46126.75 | D53: 46128.196 | E53: Closed | F53: Medium | G53: Printer / Peripheral | H53: Legal | I53: Portal | J53: A002 | K53: No | L53: 4 | M53: Kabir Mehta | N53: Workplace Support | O53: 2.1 | P53: Pune
A54: TKT-0053 | B54: 46144.575 | C54: 46144.721 | D54: 46145.273 | E54: Resolved | F54: Low | G54: Printer / Peripheral | H54: Product | I54: Phone | J54: A001 | K54: No | L54: 4 | M54: Riya Shah | N54: Workplace Support | O54: 4.2 | P54: Mumbai
A55: TKT-0054 | B55: 46176.638 | C55: 46176.67 | D55: 46177.058 | E55: Closed | F55: High | G55: Server / Connectivity | H55: Sales | I55: Chat | J55: A007 | K55: Yes | L55: 3 | M55: Meera Nair | N55: Network & Infra | O55: 7.1 | P55: Pune
A56: TKT-0055 | B56: 46165.143 | C56: 46165.3 | D56: 46165.387 | E56: Closed | F56: Medium | G56: Email / Collaboration | H56: Engineering | I56: Portal | J56: A009 | K56: No | L56: 5 | M56: Ishita Bose | N56: Workplace Support | O56: 1.2 | P56: Kolkata
A57: TKT-0056 | B57: 46201.047 | C57: 46201.051 | D57: 46201.138 | E57: Closed | F57: Critical | G57: Password / Access | H57: Operations | I57: Portal | J57: A003 | K57: No | L57: 4 | M57: Aman Verma | N57: Identity & Access | O57: 5.6 | P57: Bengaluru
A58: TKT-0057 | B58: 46201.96 | C58: 46201.98 | D58: 46202.145 | E58: Closed | F58: High | G58: CRM / Sales App | H58: Operations | I58: Portal | J58: A010 | K58: No | L58: 4 | M58: Rohan Sen | N58: Business Apps | O58: 4.8 | P58: Kolkata
A59: TKT-0058 | B59: 46195.404 | C59: 46195.696 | E59: In Progress | F59: Low | G59: Laptop / Hardware | H59: Human Resources | I59: Portal | J59: A002 | K59: No | M59: Kabir Mehta | N59: Workplace Support | O59: 2.1 | P59: Pune
A60: TKT-0059 | B60: 46201.745 | C60: 46201.853 | D60: 46202.089 | E60: Closed | F60: Medium | G60: CRM / Sales App | H60: Marketing | I60: Phone | J60: A006 | K60: No | L60: 5 | M60: Arjun Rao | N60: Business Apps | O60: 1.8 | P60: Hyderabad
A61: TKT-0060 | B61: 46117.161 | C61: 46117.402 | D61: 46117.989 | E61: Resolved | F61: Medium | G61: Laptop / Hardware | H61: Legal | I61: Portal | J61: A009 | K61: No | L61: 4 | M61: Ishita Bose | N61: Workplace Support | O61: 1.2 | P61: Kolkata
A62: TKT-0061 | B62: 46162.053 | C62: 46162.178 | E62: In Progress | F62: Medium | G62: Server / Connectivity | H62: Engineering | I62: Phone | J62: A008 | K62: No | M62: Dev Malhotra | N62: Network & Infra | O62: 3 | P62: Delhi
A63: TKT-0062 | B63: 46157.489 | C63: 46157.555 | D63: 46158.737 | E63: Closed | F63: Medium | G63: Email / Collaboration | H63: Product | I63: Chat | J63: A002 | K63: No | L63: 4 | M63: Kabir Mehta | N63: Workplace Support | O63: 2.1 | P63: Pune
A64: TKT-0063 | B64: 46152.975 | C64: 46152.979 | D64: 46153.032 | E64: Closed | F64: Critical | G64: Password / Access | H64: Operations | I64: Portal | J64: A003 | K64: No | L64: 4 | M64: Aman Verma | N64: Identity & Access | O64: 5.6 | P64: Bengaluru
A65: TKT-0064 | B65: 46170.358 | C65: 46170.378 | D65: 46170.509 | E65: Closed | F65: Critical | G65: VPN / Network | H65: Human Resources | I65: Email | J65: A008 | K65: No | L65: 5 | M65: Dev Malhotra | N65: Network & Infra | O65: 3 | P65: Delhi
A66: TKT-0065 | B66: 46200.879 | C66: 46200.907 | D66: 46201.055 | E66: Resolved | F66: High | G66: Server / Connectivity | H66: Operations | I66: Chat | J66: A008 | K66: No | L66: 5 | M66: Dev Malhotra | N66: Network & Infra | O66: 3 | P66: Delhi
A67: TKT-0066 | B67: 46193.901 | C67: 46193.954 | D67: 46194.219 | E67: Closed | F67: High | G67: VPN / Network | H67: Marketing | I67: Phone | J67: A007 | K67: No | L67: 4 | M67: Meera Nair | N67: Network & Infra | O67: 7.1 | P67: Pune
A68: TKT-0067 | B68: 46114.866 | C68: 46114.869 | D68: 46114.915 | E68: Closed | F68: Critical | G68: Password / Access | H68: Product | I68: Portal | J68: A011 | K68: No | L68: 4 | M68: Tanya Joshi | N68: Identity & Access | O68: 2.7 | P68: Delhi
A69: TKT-0068 | B69: 46183.942 | C69: 46184.131 | D69: 46184.365 | E69: Closed | F69: Medium | G69: VPN / Network | H69: Operations | I69: Email | J69: A012 | K69: Yes | L69: 2 | M69: Vikram Pillai | N69: Network & Infra | O69: 5.1 | P69: Hyderabad
A70: TKT-0069 | B70: 46182.477 | C70: 46182.717 | D70: 46183.115 | E70: Closed | F70: Low | G70: Laptop / Hardware | H70: Operations | I70: Email | J70: A009 | K70: No | L70: 4 | M70: Ishita Bose | N70: Workplace Support | O70: 1.2 | P70: Kolkata
A71: TKT-0070 | B71: 46155.089 | C71: 46155.105 | D71: 46155.385 | E71: Resolved | F71: High | G71: Email / Collaboration | H71: Engineering | I71: Portal | J71: A002 | K71: No | L71: 5 | M71: Kabir Mehta | N71: Workplace Support | O71: 2.1 | P71: Pune
A72: TKT-0071 | B72: 46122.709 | C72: 46122.725 | D72: 46123.186 | E72: Closed | F72: High | G72: VPN / Network | H72: Finance | I72: Email | J72: A007 | K72: No | L72: 3 | M72: Meera Nair | N72: Network & Infra | O72: 7.1 | P72: Pune
A73: TKT-0072 | B73: 46143.669 | C73: 46143.809 | D73: 46144.266 | E73: Closed | F73: Medium | G73: Email / Collaboration | H73: Sales | I73: Email | J73: A001 | K73: No | L73: 4 | M73: Riya Shah | N73: Workplace Support | O73: 4.2 | P73: Mumbai
A74: TKT-0073 | B74: 46173.697 | C74: 46173.829 | D74: 46175.143 | E74: Closed | F74: Medium | G74: CRM / Sales App | H74: Operations | I74: Portal | J74: A005 | K74: No | L74: 3 | M74: Sana Khan | N74: Business Apps | O74: 6.3 | P74: Mumbai
... A76: TKT-0075 | B76: 46139.752 | C76: 46139.916 | D76: 46140.49 | E76: Closed | F76: Medium | G76: Email / Collaboration | H76: Engineering | I76: Portal | J76: A009 | K76: No | L76: 4 | M76: Ishita Bose | N76: Workplace Support | O76: 1.2 | P76: Kolkata
A77: TKT-0076 | B77: 46117.743 | C77: 46117.94 | E77: Pending | F77: Low | G77: Laptop / Hardware | H77: Finance | I77: Portal | J77: A001 | K77: No | M77: Riya Shah | N77: Workplace Support | O77: 4.2 | P77: Mumbai
A78: TKT-0077 | B78: 46130.392 | C78: 46130.419 | D78: 46130.535 | E78: Closed | F78: High | G78: Password / Access | H78: Legal | I78: Portal | J78: A003 | K78: No | L78: 4 | M78: Aman Verma | N78: Identity & Access | O78: 5.6 | P78: Bengaluru
A79: TKT-0078 | B79: 46152.658 | C79: 46152.662 | D79: 46152.728 | E79: Closed | F79: Critical | G79: Password / Access | H79: Engineering | I79: Chat | J79: A011 | K79: No | L79: 4 | M79: Tanya Joshi | N79: Identity & Access | O79: 2.7 | P79: Delhi
A80: TKT-0079 | B80: 46129.657 | C80: 46129.672 | D80: 46129.844 | E80: Closed | F80: High | G80: Password / Access | H80: Marketing | I80: Portal | J80: A011 | K80: No | L80: 5 | M80: Tanya Joshi | N80: Identity & Access | O80: 2.7 | P80: Delhi
A81: TKT-0080 | B81: 46173.968 | C81: 46174.24 | D81: 46175.31 | E81: Closed | F81: Low | G81: Laptop / Hardware | H81: Sales | I81: Portal | J81: A002 | K81: No | L81: 4 | M81: Kabir Mehta | N81: Workplace Support | O81: 2.1 | P81: Pune
A82: TKT-0081 | B82: 46118.857 | C82: 46118.904 | D82: 46119.442 | E82: Closed | F82: High | G82: Email / Collaboration | H82: Human Resources | I82: Portal | J82: A009 | K82: No | L82: 3 | M82: Ishita Bose | N82: Workplace Support | O82: 1.2 | P82: Kolkata
A83: TKT-0082 | B83: 46119.341 | C83: 46119.57 | D83: 46119.604 | E83: Resolved | F83: Low | G83: Email / Collaboration | H83: Human Resources | I83: Portal | J83: A002 | K83: No | L83: 5 | M83: Kabir Mehta | N83: Workplace Support | O83: 2.1 | P83: Pune
A84: TKT-0083 | B84: 46118.418 | C84: 46118.523 | D84: 46119.254 | E84: Closed | F84: Medium | G84: VPN / Network | H84: Legal | I84: Email | J84: A007 | K84: No | L84: 4 | M84: Meera Nair | N84: Network & Infra | O84: 7.1 | P84: Pune
A85: TKT-0084 | B85: 46177.62 | C85: 46177.697 | D85: 46178.187 | E85: Resolved | F85: Medium | G85: Email / Collaboration | H85: Operations | I85: Email | J85: A001 | K85: No | L85: 5 | M85: Riya Shah | N85: Workplace Support | O85: 4.2 | P85: Mumbai
A86: TKT-0085 | B86: 46187.72 | C86: 46187.773 | D86: 46188.017 | E86: Closed | F86: High | G86: ERP / Finance App | H86: Sales | I86: Portal | J86: A005 | K86: No | L86: 3 | M86: Sana Khan | N86: Business Apps | O86: 6.3 | P86: Mumbai
A87: TKT-0086 | B87: 46128.31 | C87: 46128.362 | D87: 46128.57 | E87: Resolved | F87: Medium | G87: Password / Access | H87: Sales | I87: Portal | J87: A011 | K87: No | L87: 4 | M87: Tanya Joshi | N87: Identity & Access | O87: 2.7 | P87: Delhi
A88: TKT-0087 | B88: 46165.181 | C88: 46165.504 | D88: 46170.464 | E88: Closed | F88: Low | G88: Laptop / Hardware | H88: Marketing | I88: Email | J88: A002 | K88: No | L88: 4 | M88: Kabir Mehta | N88: Workplace Support | O88: 2.1 | P88: Pune
A89: TKT-0088 | B89: 46198.093 | C89: 46198.274 | D89: 46198.373 | E89: Closed | F89: Medium | G89: Laptop / Hardware | H89: Human Resources | I89: Portal | J89: A002 | K89: No | L89: 5 | M89: Kabir Mehta | N89: Workplace Support | O89: 2.1 | P89: Pune
... A95: TKT-0094 | B95: 46163.372 | C95: 46163.519 | D95: 46164.423 | E95: Resolved | F95: Low | G95: Email / Collaboration | H95: Operations | I95: Phone | J95: A002 | K95: No | L95: 5 | M95: Kabir Mehta | N95: Workplace Support | O95: 2.1 | P95: Pune
A96: TKT-0095 | B96: 46200.194 | C96: 46200.271 | E96: In Progress | F96: High | G96: Server / Connectivity | H96: Engineering | I96: Email | J96: A007 | K96: No | M96: Meera Nair | N96: Network & Infra | O96: 7.1 | P96: Pune
A97: TKT-0096 | B97: 46166.294 | C97: 46166.342 | D97: 46166.574 | E97: Resolved | F97: High | G97: Laptop / Hardware | H97: Operations | I97: Portal | J97: A002 | K97: No | L97: 3 | M97: Kabir Mehta | N97: Workplace Support | O97: 2.1 | P97: Pune
A98: TKT-0097 | B98: 46190.178 | C98: 46190.198 | D98: 46190.382 | E98: Closed | F98: Critical | G98: Server / Connectivity | H98: Product | I98: Email | J98: A012 | K98: No | L98: 4 | M98: Vikram Pillai | N98: Network & Infra | O98: 5.1 | P98: Hyderabad
A99: TKT-0098 | B99: 46148.495 | C99: 46148.585 | D99: 46149.066 | E99: Resolved | F99: Medium | G99: Email / Collaboration | H99: Sales | I99: Portal | J99: A009 | K99: Yes | L99: 4 | M99: Ishita Bose | N99: Workplace Support | O99: 1.2 | P99: Kolkata
A100: TKT-0099 | B100: 46202.03 | C100: 46202.083 | D100: 46202.805 | E100: Closed | F100: High | G100: ERP / Finance App | H100: Engineering | I100: Chat | J100: A006 | K100: Yes | L100: 4 | M100: Arjun Rao | N100: Business Apps | O100: 1.8 | P100: Hyderabad
A101: TKT-0100 | B101: 46179.542 | C101: 46179.975 | D101: 46185.268 | E101: Closed | F101: Low | G101: Server / Connectivity | H101: Legal | I101: Portal | J101: A012 | K101: No | L101: 3 | M101: Vikram Pillai | N101: Network & Infra | O101: 5.1 | P101: Hyderabad
A102: TKT-0101 | B102: 46132.847 | C102: 46132.869 | D102: 46133.199 | E102: Closed | F102: High | G102: VPN / Network | H102: Finance | I102: Email | J102: A008 | K102: No | L102: 4 | M102: Dev Malhotra | N102: Network & Infra | O102: 3 | P102: Delhi
A103: TKT-0102 | B103: 46183.129 | C103: 46183.322 | D103: 46184.394 | E103: Resolved | F103: Medium | G103: ERP / Finance App | H103: Human Resources | I103: Chat | J103: A006 | K103: No | L103: 4 | M103: Arjun Rao | N103: Business Apps | O103: 1.8 | P103: Hyderabad
A104: TKT-0103 | B104: 46155.336 | C104: 46155.484 | D104: 46156.074 | E104: Closed | F104: Low | G104: ERP / Finance App | H104: Sales | I104: Portal | J104: A005 | K104: No | L104: 5 | M104: Sana Khan | N104: Business Apps | O104: 6.3 | P104: Mumbai
A105: TKT-0104 | B105: 46165.129 | C105: 46165.159 | D105: 46165.441 | E105: Closed | F105: High | G105: Password / Access | H105: Sales | I105: Email | J105: A011 | K105: Yes | L105: 3 | M105: Tanya Joshi | N105: Identity & Access | O105: 2.7 | P105: Delhi
A106: TKT-0105 | B106: 46176.552 | C106: 46176.714 | D106: 46177.266 | E106: Closed | F106: Medium | G106: Laptop / Hardware | H106: Finance | I106: Chat | J106: A009 | K106: No | L106: 4 | M106: Ishita Bose | N106: Workplace Support | O106: 1.2 | P106: Kolkata
A107: TKT-0106 | B107: 46180.191 | C107: 46180.206 | D107: 46180.438 | E107: Closed | F107: High | G107: Password / Access | H107: Engineering | I107: Portal | J107: A004 | K107: No | L107: 4 | M107: Neha Iyer | N107: Identity & Access | O107: 3.4 | P107: Bengaluru
A108: TKT-0107 | B108: 46118.247 | C108: 46118.374 | D108: 46120.446 | E108: Closed | F108: Medium | G108: Laptop / Hardware | H108: Product | I108: Chat | J108: A009 | K108: No | L108: 4 | M108: Ishita Bose | N108: Workplace Support | O108: 1.2 | P108: Kolkata
... A123: TKT-0122 | B123: 46126.302 | C123: 46126.547 | D123: 46127.497 | E123: Closed | F123: Medium | G123: ERP / Finance App | H123: Legal | I123: Email | J123: A010 | K123: No | L123: 4 | M123: Rohan Sen | N123: Business Apps | O123: 4.8 | P123: Kolkata
A124: TKT-0123 | B124: 46193.799 | C124: 46193.927 | E124: Pending | F124: Medium | G124: ERP / Finance App | H124: Sales | I124: Portal | J124: A010 | K124: No | M124: Rohan Sen | N124: Business Apps | O124: 4.8 | P124: Kolkata
A125: TKT-0124 | B125: 46191.85 | C125: 46191.855 | D125: 46191.946 | E125: Resolved | F125: Critical | G125: Password / Access | H125: Engineering | I125: Portal | J125: A004 | K125: No | L125: 4 | M125: Neha Iyer | N125: Identity & Access | O125: 3.4 | P125: Bengaluru
A126: TKT-0125 | B126: 46117.731 | C126: 46117.837 | D126: 46118.214 | E126: Resolved | F126: Medium | G126: Email / Collaboration | H126: Finance | I126: Chat | J126: A009 | K126: No | L126: 4 | M126: Ishita Bose | N126: Workplace Support | O126: 1.2 | P126: Kolkata
A127: TKT-0126 | B127: 46156.882 | C127: 46157.038 | D127: 46158.013 | E127: Closed | F127: Low | G127: Printer / Peripheral | H127: Human Resources | I127: Email | J127: A002 | K127: Yes | L127: 5 | M127: Kabir Mehta | N127: Workplace Support | O127: 2.1 | P127: Pune
A128: TKT-0127 | B128: 46115.541 | C128: 46115.569 | D128: 46115.763 | E128: Resolved | F128: High | G128: Server / Connectivity | H128: Product | I128: Portal | J128: A012 | K128: Yes | L128: 3 | M128: Vikram Pillai | N128: Network & Infra | O128: 5.1 | P128: Hyderabad
A129: TKT-0128 | B129: 46199.138 | C129: 46199.365 | D129: 46199.551 | E129: Resolved | F129: Medium | G129: Printer / Peripheral | H129: Human Resources | I129: Portal | J129: A001 | K129: Yes | L129: 2 | M129: Riya Shah | N129: Workplace Support | O129: 4.2 | P129: Mumbai
A130: TKT-0129 | B130: 46141.418 | C130: 46141.809 | D130: 46142.889 | E130: Closed | F130: Low | G130: Laptop / Hardware | H130: Legal | I130: Email | J130: A009 | K130: No | L130: 5 | M130: Ishita Bose | N130: Workplace Support | O130: 1.2 | P130: Kolkata
A131: TKT-0130 | B131: 46198.745 | C131: 46198.768 | E131: Pending | F131: Critical | G131: VPN / Network | H131: Product | I131: Email | J131: A012 | K131: No | M131: Vikram Pillai | N131: Network & Infra | O131: 5.1 | P131: Hyderabad
A132: TKT-0131 | B132: 46131.186 | C132: 46131.251 | D132: 46131.333 | E132: Closed | F132: High | G132: VPN / Network | H132: Operations | I132: Phone | J132: A007 | K132: No | L132: 4 | M132: Meera Nair | N132: Network & Infra | O132: 7.1 | P132: Pune
A133: TKT-0132 | B133: 46195.582 | C133: 46195.698 | D133: 46196.435 | E133: Closed | F133: Medium | G133: Email / Collaboration | H133: Finance | I133: Portal | J133: A001 | K133: No | L133: 4 | M133: Riya Shah | N133: Workplace Support | O133: 4.2 | P133: Mumbai
A134: TKT-0133 | B134: 46133.898 | C134: 46134.263 | D134: 46135.008 | E134: Closed | F134: Low | G134: Server / Connectivity | H134: Engineering | I134: Email | J134: A007 | K134: No | L134: 5 | M134: Meera Nair | N134: Network & Infra | O134: 7.1 | P134: Pune
A135: TKT-0134 | B135: 46143.278 | C135: 46143.568 | D135: 46143.957 | E135: Closed | F135: Medium | G135: Laptop / Hardware | H135: Engineering | I135: Phone | J135: A002 | K135: No | L135: 4 | M135: Kabir Mehta | N135: Workplace Support | O135: 2.1 | P135: Pune
A136: TKT-0135 | B136: 46167.055 | C136: 46167.084 | D136: 46167.284 | E136: Closed | F136: High | G136: Server / Connectivity | H136: Operations | I136: Portal | J136: A008 | K136: No | L136: 4 | M136: Dev Malhotra | N136: Network & Infra | O136: 3 | P136: Delhi
A137: TKT-0136 | B137: 46160.774 | C137: 46160.817 | D137: 46161.188 | E137: Resolved | F137: High | G137: Server / Connectivity | H137: Engineering | I137: Phone | J137: A008 | K137: No | L137: 3 | M137: Dev Malhotra | N137: Network & Infra | O137: 3 | P137: Delhi
A138: TKT-0137 | B138: 46120.55 | C138: 46120.61 | D138: 46121.133 | E138: Closed | F138: Medium | G138: Server / Connectivity | H138: Product | I138: Phone | J138: A007 | K138: No | L138: 4 | M138: Meera Nair | N138: Network & Infra | O138: 7.1 | P138: Pune
...

Sheet Clean_Tickets
A1: Ticket_ID | B1: Created_At | C1: First_Response_At | D1: Resolved_At | E1: Status | F1: Priority | G1: Issue_Category | H1: Department | I1: Channel | J1: Agent_ID | K1: Reopened | L1: CSAT_Score | M1: First_Response_Time | N1: Total_time | O1: Response_SLA_Target | P1: Resolution_SLA_Target | Q1: Response_SLA_Status | R1: Resolution_SLA_Status | S1: Agent_name | T1: Support_team | U1: Agent_exp | V1: Agent_location | W1: Duplicate
A2: TKT-0001 | B2: 46175.416 | C2: 46175.666 | E2: In Progress | F2: Medium | G2: Password / Access | H2: Marketing | I2: Phone | J2: A003 | K2: No | M2: =IF(OR(B2="",C2=""),"",24*(C2-B2)) -> 6.0145817 | N2: =IF(OR(B2="",D2=""),"",24*(D2-B2)) | O2: =VLOOKUP(F2,SLA_Targets!$A$2:$C$5,2,FALSE) -> 4 | P2: =VLOOKUP(F2,SLA_Targets!$A$2:$C$5,3,FALSE) -> 24 | Q2: =IF(M2="","Pending",IF(M2<=O2,"Met","Breached")) -> Breached | R2: =IF(N2="","Pending",IF(N2<=P2,"Met","Breached")) -> Pending | S2: Aman Verma | T2: Identity & Access | U2: 5.6 | V2: Bengaluru | W2: =COUNTIF($A$2:$A$321,A2) -> 1
A3: TKT-0002 | B3: 46135.922 | C3: 46135.938 | D3: 46136.028 | E3: Resolved | F3: Critical | G3: ERP / Finance App | H3: Product | I3: Portal | J3: A005 | K3: No | L3: 4 | M3: =IF(OR(B3="",C3=""),"",24*(C3-B3)) -> 0.36243667 | N3: =IF(OR(B3="",D3=""),"",24*(D3-B3)) -> 2.5420247 | O3: =VLOOKUP(F3,SLA_Targets!$A$2:$C$5,2,FALSE) -> 0.5 | P3: =VLOOKUP(F3,SLA_Targets!$A$2:$C$5,3,FALSE) -> 4 | Q3: =IF(M3="","Pending",IF(M3<=O3,"Met","Breached")) -> Met | R3: =IF(N3="","Pending",IF(N3<=P3,"Met","Breached")) -> Met | S3: Sana Khan | T3: Business Apps | U3: 6.3 | V3: Mumbai | W3: =COUNTIF($A$2:$A$321,A3) -> 1
A4: TKT-0003 | B4: 46146.728 | C4: 46146.814 | D4: 46148.227 | E4: Closed | F4: Medium | G4: CRM / Sales App | H4: Engineering | I4: Portal | J4: A010 | K4: No | L4: 4 | M4: =IF(OR(B4="",C4=""),"",24*(C4-B4)) -> 2.0588322 | N4: =IF(OR(B4="",D4=""),"",24*(D4-B4)) -> 35.982996 | O4: =VLOOKUP(F4,SLA_Targets!$A$2:$C$5,2,FALSE) -> 4 | P4: =VLOOKUP(F4,SLA_Targets!$A$2:$C$5,3,FALSE) -> 24 | Q4: =IF(M4="","Pending",IF(M4<=O4,"Met","Breached")) -> Met | R4: =IF(N4="","Pending",IF(N4<=P4,"Met","Breached")) -> Breached | S4: Rohan Sen | T4: Business Apps | U4: 4.8 | V4: Kolkata | W4: =COUNTIF($A$2:$A$321,A4) -> 1
A5: TKT-0004 | B5: 46188.391 | C5: 46188.408 | D5: 46188.517 | E5: Resolved | F5: Critical | G5: Laptop / Hardware | H5: Human Resources | I5: Portal | J5: A001 | K5: No | L5: 4 | M5: =IF(OR(B5="",C5=""),"",24*(C5-B5)) -> 0.42208333 | N5: =IF(OR(B5="",D5=""),"",24*(D5-B5)) -> 3.0318511 | O5: =VLOOKUP(F5,SLA_Targets!$A$2:$C$5,2,FALSE) -> 0.5 | P5: =VLOOKUP(F5,SLA_Targets!$A$2:$C$5,3,FALSE) -> 4 | Q5: =IF(M5="","Pending",IF(M5<=O5,"Met","Breached")) -> Met | R5: =IF(N5="","Pending",IF(N5<=P5,"Met","Breached")) -> Met | S5: Riya Shah | T5: Workplace Support | U5: 4.2 | V5: Mumbai | W5: =COUNTIF($A$2:$A$321,A5) -> 1
A6: TKT-0005 | B6: 46184.125 | C6: 46184.248 | D6: 46186.192 | E6: Closed | F6: Medium | G6: Laptop / Hardware | H6: Marketing | I6: Portal | J6: A002 | K6: No | L6: 3 | M6: =IF(OR(B6="",C6=""),"",24*(C6-B6)) -> 2.9563756 | N6: =IF(OR(B6="",D6=""),"",24*(D6-B6)) -> 49.616841 | O6: =VLOOKUP(F6,SLA_Targets!$A$2:$C$5,2,FALSE) -> 4 | P6: =VLOOKUP(F6,SLA_Targets!$A$2:$C$5,3,FALSE) -> 24 | Q6: =IF(M6="","Pending",IF(M6<=O6,"Met","Breached")) -> Met | R6: =IF(N6="","Pending",IF(N6<=P6,"Met","Breached")) -> Breached | S6: Kabir Mehta | T6: Workplace Support | U6: 2.1 | V6: Pune | W6: =COUNTIF($A$2:$A$321,A6) -> 1
A7: TKT-0006 | B7: 46199.228 | C7: 46199.276 | D7: 46199.51 | E7: Resolved | F7: High | G7: Server / Connectivity | H7: Sales | I7: Phone | J7: A008 | K7: Yes | L7: 2 | M7: =IF(OR(B7="",C7=""),"",24*(C7-B7)) -> 1.1522967 | N7: =IF(OR(B7="",D7=""),"",24*(D7-B7)) -> 6.7813256 | O7: =VLOOKUP(F7,SLA_Targets!$A$2:$C$5,2,FALSE) -> 1 | P7: =VLOOKUP(F7,SLA_Targets!$A$2:$C$5,3,FALSE) -> 8 | Q7: =IF(M7="","Pending",IF(M7<=O7,"Met","Breached")) -> Breached | R7: =IF(N7="","Pending",IF(N7<=P7,"Met","Breached")) -> Met | S7: Dev Malhotra | T7: Network & Infra | U7: 3 | V7: Delhi | W7: =COUNTIF($A$2:$A$321,A7) -> 1
A8: TKT-0007 | B8: 46196.938 | C8: 46196.982 | D8: 46197.225 | E8: Closed | F8: High | G8: Password / Access | H8: Product | I8: Portal | J8: A011 | K8: No | L8: 4 | M8: =IF(OR(B8="",C8=""),"",24*(C8-B8)) -> 1.042355 | N8: =IF(OR(B8="",D8=""),"",24*(D8-B8)) -> 6.8776336 | O8: =VLOOKUP(F8,SLA_Targets!$A$2:$C$5,2,FALSE) -> 1 | P8: =VLOOKUP(F8,SLA_Targets!$A$2:$C$5,3,FALSE) -> 8 | Q8: =IF(M8="","Pending",IF(M8<=O8,"Met","Breached")) -> Breached | R8: =IF(N8="","Pending",IF(N8<=P8,"Met","Breached")) -> Met | S8: Tanya Joshi | T8: Identity & Access | U8: 2.7 | V8: Delhi | W8: =COUNTIF($A$2:$A$321,A8) -> 1
A9: TKT-0008 | B9: 46124.164 | C9: 46124.179 | D9: 46124.693 | E9: Closed | F9: High | G9: Laptop / Hardware | H9: Operations | I9: Email | J9: A001 | K9: No | L9: 5 | M9: =IF(OR(B9="",C9=""),"",24*(C9-B9)) -> 0.35369556 | N9: =IF(OR(B9="",D9=""),"",24*(D9-B9)) -> 12.703308 | O9: =VLOOKUP(F9,SLA_Targets!$A$2:$C$5,2,FALSE) -> 1 | P9: =VLOOKUP(F9,SLA_Targets!$A$2:$C$5,3,FALSE) -> 8 | Q9: =IF(M9="","Pending",IF(M9<=O9,"Met","Breached")) -> Met | R9: =IF(N9="","Pending",IF(N9<=P9,"Met","Breached")) -> Breached | S9: Riya Shah | T9: Workplace Support | U9: 4.2 | V9: Mumbai | W9: =COUNTIF($A$2:$A$321,A9) -> 1
A10: TKT-0009 | B10: 46202.51 | C10: 46202.522 | D10: 46202.589 | E10: Resolved | F10: Critical | G10: Password / Access | H10: Human Resources | I10: Phone | J10: A003 | K10: No | L10: 4 | M10: =IF(OR(B10="",C10=""),"",24*(C10-B10)) -> 0.2844575 | N10: =IF(OR(B10="",D10=""),"",24*(D10-B10)) -> 1.8904608 | O10: =VLOOKUP(F10,SLA_Targets!$A$2:$C$5,2,FALSE) -> 0.5 | P10: =VLOOKUP(F10,SLA_Targets!$A$2:$C$5,3,FALSE) -> 4 | Q10: =IF(M10="","Pending",IF(M10<=O10,"Met","Breached")) -> Met | R10: =IF(N10="","Pending",IF(N10<=P10,"Met","Breached")) -> Met | S10: Aman Verma | T10: Identity & Access | U10: 5.6 | V10: Bengaluru | W10: =COUNTIF($A$2:$A$321,A10) -> 1
A11: TKT-0010 | B11: 46159.479 | C11: 46159.508 | D11: 46159.69 | E11: Closed | F11: Critical | G11: Server / Connectivity | H11: Product | I11: Chat | J11: A012 | K11: No | L11: 3 | M11: =IF(OR(B11="",C11=""),"",24*(C11-B11)) -> 0.71393806 | N11: =IF(OR(B11="",D11=""),"",24*(D11-B11)) -> 5.0640642 | O11: =VLOOKUP(F11,SLA_Targets!$A$2:$C$5,2,FALSE) -> 0.5 | P11: =VLOOKUP(F11,SLA_Targets!$A$2:$C$5,3,FALSE) -> 4 | Q11: =IF(M11="","Pending",IF(M11<=O11,"Met","Breached")) -> Breached | R11: =IF(N11="","Pending",IF(N11<=P11,"Met","Breached")) -> Breached | S11: Vikram Pillai | T11: Network & Infra | U11: 5.1 | V11: Hyderabad | W11: =COUNTIF($A$2:$A$321,A11) -> 1
A12: TKT-0011 | B12: 46119.55 | C12: 46119.653 | D12: 46119.88 | E12: Closed | F12: Medium | G12: Email / Collaboration | H12: Marketing | I12: Portal | J12: A001 | K12: No | L12: 5 | M12: =IF(OR(B12="",C12=""),"",24*(C12-B12)) -> 2.4846203 | N12: =IF(OR(B12="",D12=""),"",24*(D12-B12)) -> 7.9351642 | O12: =VLOOKUP(F12,SLA_Targets!$A$2:$C$5,2,FALSE) -> 4 | P12: =VLOOKUP(F12,SLA_Targets!$A$2:$C$5,3,FALSE) -> 24 | Q12: =IF(M12="","Pending",IF(M12<=O12,"Met","Breached")) -> Met | R12: =IF(N12="","Pending",IF(N12<=P12,"Met","Breached")) -> Met | S12: Riya Shah | T12: Workplace Support | U12: 4.2 | V12: Mumbai | W12: =COUNTIF($A$2:$A$321,A12) -> 1
A13: TKT-0012 | B13: 46199.004 | C13: 46199.18 | E13: In Progress | F13: Medium | G13: CRM / Sales App | H13: Product | I13: Portal | J13: A006 | K13: No | M13: =IF(OR(B13="",C13=""),"",24*(C13-B13)) -> 4.225435 | N13: =IF(OR(B13="",D13=""),"",24*(D13-B13)) | O13: =VLOOKUP(F13,SLA_Targets!$A$2:$C$5,2,FALSE) -> 4 | P13: =VLOOKUP(F13,SLA_Targets!$A$2:$C$5,3,FALSE) -> 24 | Q13: =IF(M13="","Pending",IF(M13<=O13,"Met","Breached")) -> Breached | R13: =IF(N13="","Pending",IF(N13<=P13,"Met","Breached")) -> Pending | S13: Arjun Rao | T13: Business Apps | U13: 1.8 | V13: Hyderabad | W13: =COUNTIF($A$2:$A$321,A13) -> 1
A14: TKT-0013 | B14: 46119.218 | C14: 46119.302 | D14: 46119.644 | E14: Closed | F14: Medium | G14: Email / Collaboration | H14: Marketing | I14: Portal | J14: A001 | K14: No | L14: 4 | M14: =IF(OR(B14="",C14=""),"",24*(C14-B14)) -> 2.0075497 | N14: =IF(OR(B14="",D14=""),"",24*(D14-B14)) -> 10.218088 | O14: =VLOOKUP(F14,SLA_Targets!$A$2:$C$5,2,FALSE) -> 4 | P14: =VLOOKUP(F14,SLA_Targets!$A$2:$C$5,3,FALSE) -> 24 | Q14: =IF(M14="","Pending",IF(M14<=O14,"Met","Breached")) -> Met | R14: =IF(N14="","Pending",IF(N14<=P14,"Met","Breached")) -> Met | S14: Riya Shah | T14: Workplace Support | U14: 4.2 | V14: Mumbai | W14: =COUNTIF($A$2:$A$321,A14) -> 1
A15: TKT-0014 | B15: 46165.819 | C15: 46165.929 | D15: 46166.299 | E15: Closed | F15: Low | G15: Printer / Peripheral | H15: Sales | I15: Email | J15: A001 | K15: No | L15: 5 | M15: =IF(OR(B15="",C15=""),"",24*(C15-B15)) -> 2.6311858 | N15: =IF(OR(B15="",D15=""),"",24*(D15-B15)) -> 11.506821 | O15: =VLOOKUP(F15,SLA_Targets!$A$2:$C$5,2,FALSE) -> 8 | P15: =VLOOKUP(F15,SLA_Targets!$A$2:$C$5,3,FALSE) -> 48 | Q15: =IF(M15="","Pending",IF(M15<=O15,"Met","Breached")) -> Met | R15: =IF(N15="","Pending",IF(N15<=P15,"Met","Breached")) -> Met | S15: Riya Shah | T15: Workplace Support | U15: 4.2 | V15: Mumbai | W15: =COUNTIF($A$2:$A$321,A15) -> 1
A16: TKT-0015 | B16: 46157.51 | C16: 46157.69 | D16: 46158.271 | E16: Resolved | F16: Medium | G16: Laptop / Hardware | H16: Engineering | I16: Portal | J16: A009 | K16: No | L16: 4 | M16: =IF(OR(B16="",C16=""),"",24*(C16-B16)) -> 4.3204553 | N16: =IF(OR(B16="",D16=""),"",24*(D16-B16)) -> 18.248212 | O16: =VLOOKUP(F16,SLA_Targets!$A$2:$C$5,2,FALSE) -> 4 | P16: =VLOOKUP(F16,SLA_Targets!$A$2:$C$5,3,FALSE) -> 24 | Q16: =IF(M16="","Pending",IF(M16<=O16,"Met","Breached")) -> Breached | R16: =IF(N16="","Pending",IF(N16<=P16,"Met","Breached")) -> Met | S16: Ishita Bose | T16: Workplace Support | U16: 1.2 | V16: Kolkata | W16: =COUNTIF($A$2:$A$321,A16) -> 1
A17: TKT-0016 | B17: 46195.99 | C17: 46196.255 | D17: 46197.355 | E17: Closed | F17: Medium | G17: Laptop / Hardware | H17: Marketing | I17: Portal | J17: A009 | K17: No | L17: 4 | M17: =IF(OR(B17="",C17=""),"",24*(C17-B17)) -> 6.3503839 | N17: =IF(OR(B17="",D17=""),"",24*(D17-B17)) -> 32.754711 | O17: =VLOOKUP(F17,SLA_Targets!$A$2:$C$5,2,FALSE) -> 4 | P17: =VLOOKUP(F17,SLA_Targets!$A$2:$C$5,3,FALSE) -> 24 | Q17: =IF(M17="","Pending",IF(M17<=O17,"Met","Breached")) -> Breached | R17: =IF(N17="","Pending",IF(N17<=P17,"Met","Breached")) -> Breached | S17: Ishita Bose | T17: Workplace Support | U17: 1.2 | V17: Kolkata | W17: =COUNTIF($A$2:$A$321,A17) -> 1
A18: TKT-0017 | B18: 46138.651 | C18: 46138.801 | D18: 46139.452 | E18: Closed | F18: Medium | G18: Laptop / Hardware | H18: Operations | I18: Portal | J18: A001 | K18: No | L18: 4 | M18: =IF(OR(B18="",C18=""),"",24*(C18-B18)) -> 3.5913631 | N18: =IF(OR(B18="",D18=""),"",24*(D18-B18)) -> 19.228846 | O18: =VLOOKUP(F18,SLA_Targets!$A$2:$C$5,2,FALSE) -> 4 | P18: =VLOOKUP(F18,SLA_Targets!$A$2:$C$5,3,FALSE) -> 24 | Q18: =IF(M18="","Pending",IF(M18<=O18,"Met","Breached")) -> Met | R18: =IF(N18="","Pending",IF(N18<=P18,"Met","Breached")) -> Met | S18: Riya Shah | T18: Workplace Support | U18: 4.2 | V18: Mumbai | W18: =COUNTIF($A$2:$A$321,A18) -> 1
A19: TKT-0018 | B19: 46137.051 | C19: 46137.113 | D19: 46137.381 | E19: Closed | F19: High | G19: Email / Collaboration | H19: Operations | I19: Email | J19: A009 | K19: No | L19: 4 | M19: =IF(OR(B19="",C19=""),"",24*(C19-B19)) -> 1.48537 | N19: =IF(OR(B19="",D19=""),"",24*(D19-B19)) -> 7.9174425 | O19: =VLOOKUP(F19,SLA_Targets!$A$2:$C$5,2,FALSE) -> 1 | P19: =VLOOKUP(F19,SLA_Targets!$A$2:$C$5,3,FALSE) -> 8 | Q19: =IF(M19="","Pending",IF(M19<=O19,"Met","Breached")) -> Breached | R19: =IF(N19="","Pending",IF(N19<=P19,"Met","Breached")) -> Met | S19: Ishita Bose | T19: Workplace Support | U19: 1.2 | V19: Kolkata | W19: =COUNTIF($A$2:$A$321,A19) -> 1
A20: TKT-0019 | B20: 46180.083 | C20: 46180.121 | D20: 46180.475 | E20: Closed | F20: High | G20: CRM / Sales App | H20: Operations | I20: Portal | J20: A006 | K20: No | L20: 4 | M20: =IF(OR(B20="",C20=""),"",24*(C20-B20)) -> 0.9224025 | N20: =IF(OR(B20="",D20=""),"",24*(D20-B20)) -> 9.4210236 | O20: =VLOOKUP(F20,SLA_Targets!$A$2:$C$5,2,FALSE) -> 1 | P20: =VLOOKUP(F20,SLA_Targets!$A$2:$C$5,3,FALSE) -> 8 | Q20: =IF(M20="","Pending",IF(M20<=O20,"Met","Breached")) -> Met | R20: =IF(N20="","Pending",IF(N20<=P20,"Met","Breached")) -> Breached | S20: Arjun Rao | T20: Business Apps | U20: 1.8 | V20: Hyderabad | W20: =COUNTIF($A$2:$A$321,A20) -> 1
A21: TKT-0020 | B21: 46199.074 | C21: 46199.084 | D21: 46199.144 | E21: Closed | F21: Critical | G21: VPN / Network | H21: Legal | I21: Email | J21: A007 | K21: No | L21: 5 | M21: =IF(OR(B21="",C21=""),"",24*(C21-B21)) -> 0.238185 | N21: =IF(OR(B21="",D21=""),"",24*(D21-B21)) -> 1.6590339 | O21: =VLOOKUP(F21,SLA_Targets!$A$2:$C$5,2,FALSE) -> 0.5 | P21: =VLOOKUP(F21,SLA_Targets!$A$2:$C$5,3,FALSE) -> 4 | Q21: =IF(M21="","Pending",IF(M21<=O21,"Met","Breached")) -> Met | R21: =IF(N21="","Pending",IF(N21<=P21,"Met","Breached")) -> Met | S21: Meera Nair | T21: Network & Infra | U21: 7.1 | V21: Pune | W21: =COUNTIF($A$2:$A$321,A21) -> 1
A22: TKT-0021 | B22: 46198.26 | C22: 46198.387 | D22: 46199.022 | E22: Resolved | F22: Medium | G22: Email / Collaboration | H22: Marketing | I22: Chat | J22: A001 | K22: No | L22: 5 | M22: =IF(OR(B22="",C22=""),"",24*(C22-B22)) -> 3.0621336 | N22: =IF(OR(B22="",D22=""),"",24*(D22-B22)) -> 18.296348 | O22: =VLOOKUP(F22,SLA_Targets!$A$2:$C$5,2,FALSE) -> 4 | P22: =VLOOKUP(F22,SLA_Targets!$A$2:$C$5,3,FALSE) -> 24 | Q22: =IF(M22="","Pending",IF(M22<=O22,"Met","Breached")) -> Met | R22: =IF(N22="","Pending",IF(N22<=P22,"Met","Breached")) -> Met | S22: Riya Shah | T22: Workplace Support | U22: 4.2 | V22: Mumbai | W22: =COUNTIF($A$2:$A$321,A22) -> 1
A23: TKT-0022 | B23: 46142.964 | C23: 46143.098 | D23: 46144.359 | E23: Closed | F23: Low | G23: Printer / Peripheral | H23: Finance | I23: Portal | J23: A001 | K23: No | L23: 4 | M23: =IF(OR(B23="",C23=""),"",24*(C23-B23)) -> 3.2061353 | N23: =IF(OR(B23="",D23=""),"",24*(D23-B23)) -> 33.480969 | O23: =VLOOKUP(F23,SLA_Targets!$A$2:$C$5,2,FALSE) -> 8 | P23: =VLOOKUP(F23,SLA_Targets!$A$2:$C$5,3,FALSE) -> 48 | Q23: =IF(M23="","Pending",IF(M23<=O23,"Met","Breached")) -> Met | R23: =IF(N23="","Pending",IF(N23<=P23,"Met","Breached")) -> Met | S23: Riya Shah | T23: Workplace Support | U23: 4.2 | V23: Mumbai | W23: =COUNTIF($A$2:$A$321,A23) -> 1
A24: TKT-0023 | B24: 46145.485 | C24: 46145.497 | D24: 46145.605 | E24: Closed | F24: Critical | G24: Server / Connectivity | H24: Sales | I24: Chat | J24: A008 | K24: No | L24: 4 | M24: =IF(OR(B24="",C24=""),"",24*(C24-B24)) -> 0.29190139 | N24: =IF(OR(B24="",D24=""),"",24*(D24-B24)) -> 2.8875456 | O24: =VLOOKUP(F24,SLA_Targets!$A$2:$C$5,2,FALSE) -> 0.5 | P24: =VLOOKUP(F24,SLA_Targets!$A$2:$C$5,3,FALSE) -> 4 | Q24: =IF(M24="","Pending",IF(M24<=O24,"Met","Breached")) -> Met | R24: =IF(N24="","Pending",IF(N24<=P24,"Met","Breached")) -> Met | S24: Dev Malhotra | T24: Network & Infra | U24: 3 | V24: Delhi | W24: =COUNTIF($A$2:$A$321,A24) -> 1
A25: TKT-0024 | B25: 46138.064 | C25: 46138.09 | D25: 46138.216 | E25: Closed | F25: High | G25: Password / Access | H25: Marketing | I25: Portal | J25: A011 | K25: No | L25: 5 | M25: =IF(OR(B25="",C25=""),"",24*(C25-B25)) -> 0.61496889 | N25: =IF(OR(B25="",D25=""),"",24*(D25-B25)) -> 3.6478572 | O25: =VLOOKUP(F25,SLA_Targets!$A$2:$C$5,2,FALSE) -> 1 | P25: =VLOOKUP(F25,SLA_Targets!$A$2:$C$5,3,FALSE) -> 8 | Q25: =IF(M25="","Pending",IF(M25<=O25,"Met","Breached")) -> Met | R25: =IF(N25="","Pending",IF(N25<=P25,"Met","Breached")) -> Met | S25: Tanya Joshi | T25: Identity & Access | U25: 2.7 | V25: Delhi | W25: =COUNTIF($A$2:$A$321,A25) -> 1
... A44: TKT-0043 | B44: 46137.43 | C44: 46137.535 | D44: 46137.901 | E44: Closed | F44: Medium | G44: Password / Access | H44: Marketing | I44: Portal | J44: A011 | K44: No | L44: 5 | M44: =IF(OR(B44="",C44=""),"",24*(C44-B44)) -> 2.5178983 | N44: =IF(OR(B44="",D44=""),"",24*(D44-B44)) -> 11.285353 | O44: =VLOOKUP(F44,SLA_Targets!$A$2:$C$5,2,FALSE) -> 4 | P44: =VLOOKUP(F44,SLA_Targets!$A$2:$C$5,3,FALSE) -> 24 | Q44: =IF(M44="","Pending",IF(M44<=O44,"Met","Breached")) -> Met | R44: =IF(N44="","Pending",IF(N44<=P44,"Met","Breached")) -> Met | S44: Tanya Joshi | T44: Identity & Access | U44: 2.7 | V44: Delhi | W44: =COUNTIF($A$2:$A$321,A44) -> 1
A45: TKT-0044 | B45: 46174.065 | C45: 46174.153 | E45: Pending | F45: Medium | G45: Laptop / Hardware | H45: Marketing | I45: Email | J45: A001 | K45: No | M45: =IF(OR(B45="",C45=""),"",24*(C45-B45)) -> 2.1067244 | N45: =IF(OR(B45="",D45=""),"",24*(D45-B45)) | O45: =VLOOKUP(F45,SLA_Targets!$A$2:$C$5,2,FALSE) -> 4 | P45: =VLOOKUP(F45,SLA_Targets!$A$2:$C$5,3,FALSE) -> 24 | Q45: =IF(M45="","Pending",IF(M45<=O45,"Met","Breached")) -> Met | R45: =IF(N45="","Pending",IF(N45<=P45,"Met","Breached")) -> Pending | S45: Riya Shah | T45: Workplace Support | U45: 4.2 | V45: Mumbai | W45: =COUNTIF($A$2:$A$321,A45) -> 1
A46: TKT-0045 | B46: 46181.972 | C46: 46182.388 | D46: 46185.579 | E46: Closed | F46: Low | G46: Laptop / Hardware | H46: Marketing | I46: Phone | J46: A001 | K46: No | L46: 4 | M46: =IF(OR(B46="",C46=""),"",24*(C46-B46)) -> 9.9785008 | N46: =IF(OR(B46="",D46=""),"",24*(D46-B46)) -> 86.55925 | O46: =VLOOKUP(F46,SLA_Targets!$A$2:$C$5,2,FALSE) -> 8 | P46: =VLOOKUP(F46,SLA_Targets!$A$2:$C$5,3,FALSE) -> 48 | Q46: =IF(M46="","Pending",IF(M46<=O46,"Met","Breached")) -> Breached | R46: =IF(N46="","Pending",IF(N46<=P46,"Met","Breached")) -> Breached | S46: Riya Shah | T46: Workplace Support | U46: 4.2 | V46: Mumbai | W46: =COUNTIF($A$2:$A$321,A46) -> 1
A47: TKT-0046 | B47: 46193.591 | C47: 46193.603 | D47: 46193.747 | E47: Closed | F47: Critical | G47: Password / Access | H47: Operations | I47: Portal | J47: A004 | K47: Yes | L47: 3 | M47: =IF(OR(B47="",C47=""),"",24*(C47-B47)) -> 0.27262833 | N47: =IF(OR(B47="",D47=""),"",24*(D47-B47)) -> 3.7496522 | O47: =VLOOKUP(F47,SLA_Targets!$A$2:$C$5,2,FALSE) -> 0.5 | P47: =VLOOKUP(F47,SLA_Targets!$A$2:$C$5,3,FALSE) -> 4 | Q47: =IF(M47="","Pending",IF(M47<=O47,"Met","Breached")) -> Met | R47: =IF(N47="","Pending",IF(N47<=P47,"Met","Breached")) -> Met | S47: Neha Iyer | T47: Identity & Access | U47: 3.4 | V47: Bengaluru | W47: =COUNTIF($A$2:$A$321,A47) -> 1
A48: TKT-0047 | B48: 46137.642 | C48: 46137.65 | D48: 46137.712 | E48: Resolved | F48: Critical | G48: Password / Access | H48: Finance | I48: Email | J48: A011 | K48: No | L48: 5 | M48: =IF(OR(B48="",C48=""),"",24*(C48-B48)) -> 0.21131583 | N48: =IF(OR(B48="",D48=""),"",24*(D48-B48)) -> 1.6779747 | O48: =VLOOKUP(F48,SLA_Targets!$A$2:$C$5,2,FALSE) -> 0.5 | P48: =VLOOKUP(F48,SLA_Targets!$A$2:$C$5,3,FALSE) -> 4 | Q48: =IF(M48="","Pending",IF(M48<=O48,"Met","Breached")) -> Met | R48: =IF(N48="","Pending",IF(N48<=P48,"Met","Breached")) -> Met | S48: Tanya Joshi | T48: Identity & Access | U48: 2.7 | V48: Delhi | W48: =COUNTIF($A$2:$A$321,A48) -> 1
A49: TKT-0048 | B49: 46192.389 | C49: 46192.4 | D49: 46192.527 | E49: Closed | F49: Critical | G49: ERP / Finance App | H49: Product | I49: Portal | J49: A006 | K49: No | L49: 5 | M49: =IF(OR(B49="",C49=""),"",24*(C49-B49)) -> 0.26500667 | N49: =IF(OR(B49="",D49=""),"",24*(D49-B49)) -> 3.3113047 | O49: =VLOOKUP(F49,SLA_Targets!$A$2:$C$5,2,FALSE) -> 0.5 | P49: =VLOOKUP(F49,SLA_Targets!$A$2:$C$5,3,FALSE) -> 4 | Q49: =IF(M49="","Pending",IF(M49<=O49,"Met","Breached")) -> Met | R49: =IF(N49="","Pending",IF(N49<=P49,"Met","Breached")) -> Met | S49: Arjun Rao | T49: Business Apps | U49: 1.8 | V49: Hyderabad | W49: =COUNTIF($A$2:$A$321,A49) -> 1
A50: TKT-0049 | B50: 46137.839 | C50: 46138.033 | D50: 46141.044 | E50: Closed | F50: Low | G50: Laptop / Hardware | H50: Finance | I50: Portal | J50: A002 | K50: No | L50: 4 | M50: =IF(OR(B50="",C50=""),"",24*(C50-B50)) -> 4.6702731 | N50: =IF(OR(B50="",D50=""),"",24*(D50-B50)) -> 76.921868 | O50: =VLOOKUP(F50,SLA_Targets!$A$2:$C$5,2,FALSE) -> 8 | P50: =VLOOKUP(F50,SLA_Targets!$A$2:$C$5,3,FALSE) -> 48 | Q50: =IF(M50="","Pending",IF(M50<=O50,"Met","Breached")) -> Met | R50: =IF(N50="","Pending",IF(N50<=P50,"Met","Breached")) -> Breached | S50: Kabir Mehta | T50: Workplace Support | U50: 2.1 | V50: Pune | W50: =COUNTIF($A$2:$A$321,A50) -> 1
A51: TKT-0050 | B51: 46203.401 | C51: 46203.729 | D51: 46204.221 | E51: Closed | F51: Low | G51: Laptop / Hardware | H51: Human Resources | I51: Chat | J51: A002 | K51: No | L51: 5 | M51: =IF(OR(B51="",C51=""),"",24*(C51-B51)) -> 7.8629464 | N51: =IF(OR(B51="",D51=""),"",24*(D51-B51)) -> 19.672307 | O51: =VLOOKUP(F51,SLA_Targets!$A$2:$C$5,2,FALSE) -> 8 | P51: =VLOOKUP(F51,SLA_Targets!$A$2:$C$5,3,FALSE) -> 48 | Q51: =IF(M51="","Pending",IF(M51<=O51,"Met","Breached")) -> Met | R51: =IF(N51="","Pending",IF(N51<=P51,"Met","Breached")) -> Met | S51: Kabir Mehta | T51: Workplace Support | U51: 2.1 | V51: Pune | W51: =COUNTIF($A$2:$A$321,A51) -> 1
A52: TKT-0051 | B52: 46124.738 | C52: 46124.771 | D52: 46124.989 | E52: Closed | F52: High | G52: CRM / Sales App | H52: Operations | I52: Portal | J52: A010 | K52: No | L52: 4 | M52: =IF(OR(B52="",C52=""),"",24*(C52-B52)) -> 0.78331722 | N52: =IF(OR(B52="",D52=""),"",24*(D52-B52)) -> 6.0305694 | O52: =VLOOKUP(F52,SLA_Targets!$A$2:$C$5,2,FALSE) -> 1 | P52: =VLOOKUP(F52,SLA_Targets!$A$2:$C$5,3,FALSE) -> 8 | Q52: =IF(M52="","Pending",IF(M52<=O52,"Met","Breached")) -> Met | R52: =IF(N52="","Pending",IF(N52<=P52,"Met","Breached")) -> Met | S52: Rohan Sen | T52: Business Apps | U52: 4.8 | V52: Kolkata | W52: =COUNTIF($A$2:$A$321,A52) -> 1
A53: TKT-0052 | B53: 46126.587 | C53: 46126.75 | D53: 46128.196 | E53: Closed | F53: Medium | G53: Printer / Peripheral | H53: Legal | I53: Portal | J53: A002 | K53: No | L53: 4 | M53: =IF(OR(B53="",C53=""),"",24*(C53-B53)) -> 3.9065358 | N53: =IF(OR(B53="",D53=""),"",24*(D53-B53)) -> 38.617853 | O53: =VLOOKUP(F53,SLA_Targets!$A$2:$C$5,2,FALSE) -> 4 | P53: =VLOOKUP(F53,SLA_Targets!$A$2:$C$5,3,FALSE) -> 24 | Q53: =IF(M53="","Pending",IF(M53<=O53,"Met","Breached")) -> Met | R53: =IF(N53="","Pending",IF(N53<=P53,"Met","Breached")) -> Breached | S53: Kabir Mehta | T53: Workplace Support | U53: 2.1 | V53: Pune | W53: =COUNTIF($A$2:$A$321,A53) -> 1
A54: TKT-0053 | B54: 46144.575 | C54: 46144.721 | D54: 46145.273 | E54: Resolved | F54: Low | G54: Printer / Peripheral | H54: Product | I54: Phone | J54: A001 | K54: No | L54: 4 | M54: =IF(OR(B54="",C54=""),"",24*(C54-B54)) -> 3.5015917 | N54: =IF(OR(B54="",D54=""),"",24*(D54-B54)) -> 16.759723 | O54: =VLOOKUP(F54,SLA_Targets!$A$2:$C$5,2,FALSE) -> 8 | P54: =VLOOKUP(F54,SLA_Targets!$A$2:$C$5,3,FALSE) -> 48 | Q54: =IF(M54="","Pending",IF(M54<=O54,"Met","Breached")) -> Met | R54: =IF(N54="","Pending",IF(N54<=P54,"Met","Breached")) -> Met | S54: Riya Shah | T54: Workplace Support | U54: 4.2 | V54: Mumbai | W54: =COUNTIF($A$2:$A$321,A54) -> 1
A55: TKT-0054 | B55: 46176.638 | C55: 46176.67 | D55: 46177.058 | E55: Closed | F55: High | G55: Server / Connectivity | H55: Sales | I55: Chat | J55: A007 | K55: Yes | L55: 3 | M55: =IF(OR(B55="",C55=""),"",24*(C55-B55)) -> 0.765885 | N55: =IF(OR(B55="",D55=""),"",24*(D55-B55)) -> 10.073331 | O55: =VLOOKUP(F55,SLA_Targets!$A$2:$C$5,2,FALSE) -> 1 | P55: =VLOOKUP(F55,SLA_Targets!$A$2:$C$5,3,FALSE) -> 8 | Q55: =IF(M55="","Pending",IF(M55<=O55,"Met","Breached")) -> Met | R55: =IF(N55="","Pending",IF(N55<=P55,"Met","Breached")) -> Breached | S55: Meera Nair | T55: Network & Infra | U55: 7.1 | V55: Pune | W55: =COUNTIF($A$2:$A$321,A55) -> 1
A56: TKT-0055 | B56: 46165.143 | C56: 46165.3 | D56: 46165.387 | E56: Closed | F56: Medium | G56: Email / Collaboration | H56: Engineering | I56: Portal | J56: A009 | K56: No | L56: 5 | M56: =IF(OR(B56="",C56=""),"",24*(C56-B56)) -> 3.77331 | N56: =IF(OR(B56="",D56=""),"",24*(D56-B56)) -> 5.8535489 | O56: =VLOOKUP(F56,SLA_Targets!$A$2:$C$5,2,FALSE) -> 4 | P56: =VLOOKUP(F56,SLA_Targets!$A$2:$C$5,3,FALSE) -> 24 | Q56: =IF(M56="","Pending",IF(M56<=O56,"Met","Breached")) -> Met | R56: =IF(N56="","Pending",IF(N56<=P56,"Met","Breached")) -> Met | S56: Ishita Bose | T56: Workplace Support | U56: 1.2 | V56: Kolkata | W56: =COUNTIF($A$2:$A$321,A56) -> 1
A57: TKT-0056 | B57: 46201.047 | C57: 46201.051 | D57: 46201.138 | E57: Closed | F57: Critical | G57: Password / Access | H57: Operations | I57: Portal | J57: A003 | K57: No | L57: 4 | M57: =IF(OR(B57="",C57=""),"",24*(C57-B57)) -> 0.087196111 | N57: =IF(OR(B57="",D57=""),"",24*(D57-B57)) -> 2.1931147 | O57: =VLOOKUP(F57,SLA_Targets!$A$2:$C$5,2,FALSE) -> 0.5 | P57: =VLOOKUP(F57,SLA_Targets!$A$2:$C$5,3,FALSE) -> 4 | Q57: =IF(M57="","Pending",IF(M57<=O57,"Met","Breached")) -> Met | R57: =IF(N57="","Pending",IF(N57<=P57,"Met","Breached")) -> Met | S57: Aman Verma | T57: Identity & Access | U57: 5.6 | V57: Bengaluru | W57: =COUNTIF($A$2:$A$321,A57) -> 1
A58: TKT-0057 | B58: 46201.96 | C58: 46201.98 | D58: 46202.145 | E58: Closed | F58: High | G58: CRM / Sales App | H58: Operations | I58: Portal | J58: A010 | K58: No | L58: 4 | M58: =IF(OR(B58="",C58=""),"",24*(C58-B58)) -> 0.48607028 | N58: =IF(OR(B58="",D58=""),"",24*(D58-B58)) -> 4.4424231 | O58: =VLOOKUP(F58,SLA_Targets!$A$2:$C$5,2,FALSE) -> 1 | P58: =VLOOKUP(F58,SLA_Targets!$A$2:$C$5,3,FALSE) -> 8 | Q58: =IF(M58="","Pending",IF(M58<=O58,"Met","Breached")) -> Met | R58: =IF(N58="","Pending",IF(N58<=P58,"Met","Breached")) -> Met | S58: Rohan Sen | T58: Business Apps | U58: 4.8 | V58: Kolkata | W58: =COUNTIF($A$2:$A$321,A58) -> 1
A59: TKT-0058 | B59: 46195.404 | C59: 46195.696 | E59: In Progress | F59: Low | G59: Laptop / Hardware | H59: Human Resources | I59: Portal | J59: A002 | K59: No | M59: =IF(OR(B59="",C59=""),"",24*(C59-B59)) -> 6.9927983 | N59: =IF(OR(B59="",D59=""),"",24*(D59-B59)) | O59: =VLOOKUP(F59,SLA_Targets!$A$2:$C$5,2,FALSE) -> 8 | P59: =VLOOKUP(F59,SLA_Targets!$A$2:$C$5,3,FALSE) -> 48 | Q59: =IF(M59="","Pending",IF(M59<=O59,"Met","Breached")) -> Met | R59: =IF(N59="","Pending",IF(N59<=P59,"Met","Breached")) -> Pending | S59: Kabir Mehta | T59: Workplace Support | U59: 2.1 | V59: Pune | W59: =COUNTIF($A$2:$A$321,A59) -> 1
A60: TKT-0059 | B60: 46201.745 | C60: 46201.853 | D60: 46202.089 | E60: Closed | F60: Medium | G60: CRM / Sales App | H60: Marketing | I60: Phone | J60: A006 | K60: No | L60: 5 | M60: =IF(OR(B60="",C60=""),"",24*(C60-B60)) -> 2.59261 | N60: =IF(OR(B60="",D60=""),"",24*(D60-B60)) -> 8.2342722 | O60: =VLOOKUP(F60,SLA_Targets!$A$2:$C$5,2,FALSE) -> 4 | P60: =VLOOKUP(F60,SLA_Targets!$A$2:$C$5,3,FALSE) -> 24 | Q60: =IF(M60="","Pending",IF(M60<=O60,"Met","Breached")) -> Met | R60: =IF(N60="","Pending",IF(N60<=P60,"Met","Breached")) -> Met | S60: Arjun Rao | T60: Business Apps | U60: 1.8 | V60: Hyderabad | W60: =COUNTIF($A$2:$A$321,A60) -> 1
A61: TKT-0060 | B61: 46117.161 | C61: 46117.402 | D61: 46117.989 | E61: Resolved | F61: Medium | G61: Laptop / Hardware | H61: Legal | I61: Portal | J61: A009 | K61: No | L61: 4 | M61: =IF(OR(B61="",C61=""),"",24*(C61-B61)) -> 5.7987056 | N61: =IF(OR(B61="",D61=""),"",24*(D61-B61)) -> 19.875061 | O61: =VLOOKUP(F61,SLA_Targets!$A$2:$C$5,2,FALSE) -> 4 | P61: =VLOOKUP(F61,SLA_Targets!$A$2:$C$5,3,FALSE) -> 24 | Q61: =IF(M61="","Pending",IF(M61<=O61,"Met","Breached")) -> Breached | R61: =IF(N61="","Pending",IF(N61<=P61,"Met","Breached")) -> Met | S61: Ishita Bose | T61: Workplace Support | U61: 1.2 | V61: Kolkata | W61: =COUNTIF($A$2:$A$321,A61) -> 1
A62: TKT-0061 | B62: 46162.053 | C62: 46162.178 | E62: In Progress | F62: Medium | G62: Server / Connectivity | H62: Engineering | I62: Phone | J62: A008 | K62: No | M62: =IF(OR(B62="",C62=""),"",24*(C62-B62)) -> 2.9949728 | N62: =IF(OR(B62="",D62=""),"",24*(D62-B62)) | O62: =VLOOKUP(F62,SLA_Targets!$A$2:$C$5,2,FALSE) -> 4 | P62: =VLOOKUP(F62,SLA_Targets!$A$2:$C$5,3,FALSE) -> 24 | Q62: =IF(M62="","Pending",IF(M62<=O62,"Met","Breached")) -> Met | R62: =IF(N62="","Pending",IF(N62<=P62,"Met","Breached")) -> Pending | S62: Dev Malhotra | T62: Network & Infra | U62: 3 | V62: Delhi | W62: =COUNTIF($A$2:$A$321,A62) -> 1
A63: TKT-0062 | B63: 46157.489 | C63: 46157.555 | D63: 46158.737 | E63: Closed | F63: Medium | G63: Email / Collaboration | H63: Product | I63: Chat | J63: A002 | K63: No | L63: 4 | M63: =IF(OR(B63="",C63=""),"",24*(C63-B63)) -> 1.5880472 | N63: =IF(OR(B63="",D63=""),"",24*(D63-B63)) -> 29.955946 | O63: =VLOOKUP(F63,SLA_Targets!$A$2:$C$5,2,FALSE) -> 4 | P63: =VLOOKUP(F63,SLA_Targets!$A$2:$C$5,3,FALSE) -> 24 | Q63: =IF(M63="","Pending",IF(M63<=O63,"Met","Breached")) -> Met | R63: =IF(N63="","Pending",IF(N63<=P63,"Met","Breached")) -> Breached | S63: Kabir Mehta | T63: Workplace Support | U63: 2.1 | V63: Pune | W63: =COUNTIF($A$2:$A$321,A63) -> 1
A64: TKT-0063 | B64: 46152.975 | C64: 46152.979 | D64: 46153.032 | E64: Closed | F64: Critical | G64: Password / Access | H64: Operations | I64: Portal | J64: A003 | K64: No | L64: 4 | M64: =IF(OR(B64="",C64=""),"",24*(C64-B64)) -> 0.1013375 | N64: =IF(OR(B64="",D64=""),"",24*(D64-B64)) -> 1.3750172 | O64: =VLOOKUP(F64,SLA_Targets!$A$2:$C$5,2,FALSE) -> 0.5 | P64: =VLOOKUP(F64,SLA_Targets!$A$2:$C$5,3,FALSE) -> 4 | Q64: =IF(M64="","Pending",IF(M64<=O64,"Met","Breached")) -> Met | R64: =IF(N64="","Pending",IF(N64<=P64,"Met","Breached")) -> Met | S64: Aman Verma | T64: Identity & Access | U64: 5.6 | V64: Bengaluru | W64: =COUNTIF($A$2:$A$321,A64) -> 1
A65: TKT-0064 | B65: 46170.358 | C65: 46170.378 | D65: 46170.509 | E65: Closed | F65: Critical | G65: VPN / Network | H65: Human Resources | I65: Email | J65: A008 | K65: No | L65: 5 | M65: =IF(OR(B65="",C65=""),"",24*(C65-B65)) -> 0.47493583 | N65: =IF(OR(B65="",D65=""),"",24*(D65-B65)) -> 3.6162081 | O65: =VLOOKUP(F65,SLA_Targets!$A$2:$C$5,2,FALSE) -> 0.5 | P65: =VLOOKUP(F65,SLA_Targets!$A$2:$C$5,3,FALSE) -> 4 | Q65: =IF(M65="","Pending",IF(M65<=O65,"Met","Breached")) -> Met | R65: =IF(N65="","Pending",IF(N65<=P65,"Met","Breached")) -> Met | S65: Dev Malhotra | T65: Network & Infra | U65: 3 | V65: Delhi | W65: =COUNTIF($A$2:$A$321,A65) -> 1
A66: TKT-0065 | B66: 46200.879 | C66: 46200.907 | D66: 46201.055 | E66: Resolved | F66: High | G66: Server / Connectivity | H66: Operations | I66: Chat | J66: A008 | K66: No | L66: 5 | M66: =IF(OR(B66="",C66=""),"",24*(C66-B66)) -> 0.6624125 | N66: =IF(OR(B66="",D66=""),"",24*(D66-B66)) -> 4.2210036 | O66: =VLOOKUP(F66,SLA_Targets!$A$2:$C$5,2,FALSE) -> 1 | P66: =VLOOKUP(F66,SLA_Targets!$A$2:$C$5,3,FALSE) -> 8 | Q66: =IF(M66="","Pending",IF(M66<=O66,"Met","Breached")) -> Met | R66: =IF(N66="","Pending",IF(N66<=P66,"Met","Breached")) -> Met | S66: Dev Malhotra | T66: Network & Infra | U66: 3 | V66: Delhi | W66: =COUNTIF($A$2:$A$321,A66) -> 1
A67: TKT-0066 | B67: 46193.901 | C67: 46193.954 | D67: 46194.219 | E67: Closed | F67: High | G67: VPN / Network | H67: Marketing | I67: Phone | J67: A007 | K67: No | L67: 4 | M67: =IF(OR(B67="",C67=""),"",24*(C67-B67)) -> 1.2757767 | N67: =IF(OR(B67="",D67=""),"",24*(D67-B67)) -> 7.6378958 | O67: =VLOOKUP(F67,SLA_Targets!$A$2:$C$5,2,FALSE) -> 1 | P67: =VLOOKUP(F67,SLA_Targets!$A$2:$C$5,3,FALSE) -> 8 | Q67: =IF(M67="","Pending",IF(M67<=O67,"Met","Breached")) -> Breached | R67: =IF(N67="","Pending",IF(N67<=P67,"Met","Breached")) -> Met | S67: Meera Nair | T67: Network & Infra | U67: 7.1 | V67: Pune | W67: =COUNTIF($A$2:$A$321,A67) -> 1
A68: TKT-0067 | B68: 46114.866 | C68: 46114.869 | D68: 46114.915 | E68: Closed | F68: Critical | G68: Password / Access | H68: Product | I68: Portal | J68: A011 | K68: No | L68: 4 | M68: =IF(OR(B68="",C68=""),"",24*(C68-B68)) -> 0.084714167 | N68: =IF(OR(B68="",D68=""),"",24*(D68-B68)) -> 1.1795714 | O68: =VLOOKUP(F68,SLA_Targets!$A$2:$C$5,2,FALSE) -> 0.5 | P68: =VLOOKUP(F68,SLA_Targets!$A$2:$C$5,3,FALSE) -> 4 | Q68: =IF(M68="","Pending",IF(M68<=O68,"Met","Breached")) -> Met | R68: =IF(N68="","Pending",IF(N68<=P68,"Met","Breached")) -> Met | S68: Tanya Joshi | T68: Identity & Access | U68: 2.7 | V68: Delhi | W68: =COUNTIF($A$2:$A$321,A68) -> 1
A69: TKT-0068 | B69: 46183.942 | C69: 46184.131 | D69: 46184.365 | E69: Closed | F69: Medium | G69: VPN / Network | H69: Operations | I69: Email | J69: A012 | K69: Yes | L69: 2 | M69: =IF(OR(B69="",C69=""),"",24*(C69-B69)) -> 4.5435039 | N69: =IF(OR(B69="",D69=""),"",24*(D69-B69)) -> 10.167294 | O69: =VLOOKUP(F69,SLA_Targets!$A$2:$C$5,2,FALSE) -> 4 | P69: =VLOOKUP(F69,SLA_Targets!$A$2:$C$5,3,FALSE) -> 24 | Q69: =IF(M69="","Pending",IF(M69<=O69,"Met","Breached")) -> Breached | R69: =IF(N69="","Pending",IF(N69<=P69,"Met","Breached")) -> Met | S69: Vikram Pillai | T69: Network & Infra | U69: 5.1 | V69: Hyderabad | W69: =COUNTIF($A$2:$A$321,A69) -> 1
A70: TKT-0069 | B70: 46182.477 | C70: 46182.717 | D70: 46183.115 | E70: Closed | F70: Low | G70: Laptop / Hardware | H70: Operations | I70: Email | J70: A009 | K70: No | L70: 4 | M70: =IF(OR(B70="",C70=""),"",24*(C70-B70)) -> 5.7663108 | N70: =IF(OR(B70="",D70=""),"",24*(D70-B70)) -> 15.313086 | O70: =VLOOKUP(F70,SLA_Targets!$A$2:$C$5,2,FALSE) -> 8 | P70: =VLOOKUP(F70,SLA_Targets!$A$2:$C$5,3,FALSE) -> 48 | Q70: =IF(M70="","Pending",IF(M70<=O70,"Met","Breached")) -> Met | R70: =IF(N70="","Pending",IF(N70<=P70,"Met","Breached")) -> Met | S70: Ishita Bose | T70: Workplace Support | U70: 1.2 | V70: Kolkata | W70: =COUNTIF($A$2:$A$321,A70) -> 1
A71: TKT-0070 | B71: 46155.089 | C71: 46155.105 | D71: 46155.385 | E71: Resolved | F71: High | G71: Email / Collaboration | H71: Engineering | I71: Portal | J71: A002 | K71: No | L71: 5 | M71: =IF(OR(B71="",C71=""),"",24*(C71-B71)) -> 0.39440917 | N71: =IF(OR(B71="",D71=""),"",24*(D71-B71)) -> 7.1113725 | O71: =VLOOKUP(F71,SLA_Targets!$A$2:$C$5,2,FALSE) -> 1 | P71: =VLOOKUP(F71,SLA_Targets!$A$2:$C$5,3,FALSE) -> 8 | Q71: =IF(M71="","Pending",IF(M71<=O71,"Met","Breached")) -> Met | R71: =IF(N71="","Pending",IF(N71<=P71,"Met","Breached")) -> Met | S71: Kabir Mehta | T71: Workplace Support | U71: 2.1 | V71: Pune | W71: =COUNTIF($A$2:$A$321,A71) -> 1
A72: TKT-0071 | B72: 46122.709 | C72: 46122.725 | D72: 46123.186 | E72: Closed | F72: High | G72: VPN / Network | H72: Finance | I72: Email | J72: A007 | K72: No | L72: 3 | M72: =IF(OR(B72="",C72=""),"",24*(C72-B72)) -> 0.39620167 | N72: =IF(OR(B72="",D72=""),"",24*(D72-B72)) -> 11.449615 | O72: =VLOOKUP(F72,SLA_Targets!$A$2:$C$5,2,FALSE) -> 1 | P72: =VLOOKUP(F72,SLA_Targets!$A$2:$C$5,3,FALSE) -> 8 | Q72: =IF(M72="","Pending",IF(M72<=O72,"Met","Breached")) -> Met | R72: =IF(N72="","Pending",IF(N72<=P72,"Met","Breached")) -> Breached | S72: Meera Nair | T72: Network & Infra | U72: 7.1 | V72: Pune | W72: =COUNTIF($A$2:$A$321,A72) -> 1
A73: TKT-0072 | B73: 46143.669 | C73: 46143.809 | D73: 46144.266 | E73: Closed | F73: Medium | G73: Email / Collaboration | H73: Sales | I73: Email | J73: A001 | K73: No | L73: 4 | M73: =IF(OR(B73="",C73=""),"",24*(C73-B73)) -> 3.3539239 | N73: =IF(OR(B73="",D73=""),"",24*(D73-B73)) -> 14.334499 | O73: =VLOOKUP(F73,SLA_Targets!$A$2:$C$5,2,FALSE) -> 4 | P73: =VLOOKUP(F73,SLA_Targets!$A$2:$C$5,3,FALSE) -> 24 | Q73: =IF(M73="","Pending",IF(M73<=O73,"Met","Breached")) -> Met | R73: =IF(N73="","Pending",IF(N73<=P73,"Met","Breached")) -> Met | S73: Riya Shah | T73: Workplace Support | U73: 4.2 | V73: Mumbai | W73: =COUNTIF($A$2:$A$321,A73) -> 1
A74: TKT-0073 | B74: 46173.697 | C74: 46173.829 | D74: 46175.143 | E74: Closed | F74: Medium | G74: CRM / Sales App | H74: Operations | I74: Portal | J74: A005 | K74: No | L74: 3 | M74: =IF(OR(B74="",C74=""),"",24*(C74-B74)) -> 3.1626731 | N74: =IF(OR(B74="",D74=""),"",24*(D74-B74)) -> 34.714213 | O74: =VLOOKUP(F74,SLA_Targets!$A$2:$C$5,2,FALSE) -> 4 | P74: =VLOOKUP(F74,SLA_Targets!$A$2:$C$5,3,FALSE) -> 24 | Q74: =IF(M74="","Pending",IF(M74<=O74,"Met","Breached")) -> Met | R74: =IF(N74="","Pending",IF(N74<=P74,"Met","Breached")) -> Breached | S74: Sana Khan | T74: Business Apps | U74: 6.3 | V74: Mumbai | W74: =COUNTIF($A$2:$A$321,A74) -> 1
... A76: TKT-0075 | B76: 46139.752 | C76: 46139.916 | D76: 46140.49 | E76: Closed | F76: Medium | G76: Email / Collaboration | H76: Engineering | I76: Portal | J76: A009 | K76: No | L76: 4 | M76: =IF(OR(B76="",C76=""),"",24*(C76-B76)) -> 3.9407469 | N76: =IF(OR(B76="",D76=""),"",24*(D76-B76)) -> 17.72175 | O76: =VLOOKUP(F76,SLA_Targets!$A$2:$C$5,2,FALSE) -> 4 | P76: =VLOOKUP(F76,SLA_Targets!$A$2:$C$5,3,FALSE) -> 24 | Q76: =IF(M76="","Pending",IF(M76<=O76,"Met","Breached")) -> Met | R76: =IF(N76="","Pending",IF(N76<=P76,"Met","Breached")) -> Met | S76: Ishita Bose | T76: Workplace Support | U76: 1.2 | V76: Kolkata | W76: =COUNTIF($A$2:$A$321,A76) -> 1
A77: TKT-0076 | B77: 46117.743 | C77: 46117.94 | E77: Pending | F77: Low | G77: Laptop / Hardware | H77: Finance | I77: Portal | J77: A001 | K77: No | M77: =IF(OR(B77="",C77=""),"",24*(C77-B77)) -> 4.7368472 | N77: =IF(OR(B77="",D77=""),"",24*(D77-B77)) | O77: =VLOOKUP(F77,SLA_Targets!$A$2:$C$5,2,FALSE) -> 8 | P77: =VLOOKUP(F77,SLA_Targets!$A$2:$C$5,3,FALSE) -> 48 | Q77: =IF(M77="","Pending",IF(M77<=O77,"Met","Breached")) -> Met | R77: =IF(N77="","Pending",IF(N77<=P77,"Met","Breached")) -> Pending | S77: Riya Shah | T77: Workplace Support | U77: 4.2 | V77: Mumbai | W77: =COUNTIF($A$2:$A$321,A77) -> 1
A78: TKT-0077 | B78: 46130.392 | C78: 46130.419 | D78: 46130.535 | E78: Closed | F78: High | G78: Password / Access | H78: Legal | I78: Portal | J78: A003 | K78: No | L78: 4 | M78: =IF(OR(B78="",C78=""),"",24*(C78-B78)) -> 0.64795472 | N78: =IF(OR(B78="",D78=""),"",24*(D78-B78)) -> 3.4307719 | O78: =VLOOKUP(F78,SLA_Targets!$A$2:$C$5,2,FALSE) -> 1 | P78: =VLOOKUP(F78,SLA_Targets!$A$2:$C$5,3,FALSE) -> 8 | Q78: =IF(M78="","Pending",IF(M78<=O78,"Met","Breached")) -> Met | R78: =IF(N78="","Pending",IF(N78<=P78,"Met","Breached")) -> Met | S78: Aman Verma | T78: Identity & Access | U78: 5.6 | V78: Bengaluru | W78: =COUNTIF($A$2:$A$321,A78) -> 1
A79: TKT-0078 | B79: 46152.658 | C79: 46152.662 | D79: 46152.728 | E79: Closed | F79: Critical | G79: Password / Access | H79: Engineering | I79: Chat | J79: A011 | K79: No | L79: 4 | M79: =IF(OR(B79="",C79=""),"",24*(C79-B79)) -> 0.097179722 | N79: =IF(OR(B79="",D79=""),"",24*(D79-B79)) -> 1.6869572 | O79: =VLOOKUP(F79,SLA_Targets!$A$2:$C$5,2,FALSE) -> 0.5 | P79: =VLOOKUP(F79,SLA_Targets!$A$2:$C$5,3,FALSE) -> 4 | Q79: =IF(M79="","Pending",IF(M79<=O79,"Met","Breached")) -> Met | R79: =IF(N79="","Pending",IF(N79<=P79,"Met","Breached")) -> Met | S79: Tanya Joshi | T79: Identity & Access | U79: 2.7 | V79: Delhi | W79: =COUNTIF($A$2:$A$321,A79) -> 1
A80: TKT-0079 | B80: 46129.657 | C80: 46129.672 | D80: 46129.844 | E80: Closed | F80: High | G80: Password / Access | H80: Marketing | I80: Portal | J80: A011 | K80: No | L80: 5 | M80: =IF(OR(B80="",C80=""),"",24*(C80-B80)) -> 0.35679639 | N80: =IF(OR(B80="",D80=""),"",24*(D80-B80)) -> 4.4780081 | O80: =VLOOKUP(F80,SLA_Targets!$A$2:$C$5,2,FALSE) -> 1 | P80: =VLOOKUP(F80,SLA_Targets!$A$2:$C$5,3,FALSE) -> 8 | Q80: =IF(M80="","Pending",IF(M80<=O80,"Met","Breached")) -> Met | R80: =IF(N80="","Pending",IF(N80<=P80,"Met","Breached")) -> Met | S80: Tanya Joshi | T80: Identity & Access | U80: 2.7 | V80: Delhi | W80: =COUNTIF($A$2:$A$321,A80) -> 1
A81: TKT-0080 | B81: 46173.968 | C81: 46174.24 | D81: 46175.31 | E81: Closed | F81: Low | G81: Laptop / Hardware | H81: Sales | I81: Portal | J81: A002 | K81: No | L81: 4 | M81: =IF(OR(B81="",C81=""),"",24*(C81-B81)) -> 6.5276669 | N81: =IF(OR(B81="",D81=""),"",24*(D81-B81)) -> 32.187879 | O81: =VLOOKUP(F81,SLA_Targets!$A$2:$C$5,2,FALSE) -> 8 | P81: =VLOOKUP(F81,SLA_Targets!$A$2:$C$5,3,FALSE) -> 48 | Q81: =IF(M81="","Pending",IF(M81<=O81,"Met","Breached")) -> Met | R81: =IF(N81="","Pending",IF(N81<=P81,"Met","Breached")) -> Met | S81: Kabir Mehta | T81: Workplace Support | U81: 2.1 | V81: Pune | W81: =COUNTIF($A$2:$A$321,A81) -> 1
A82: TKT-0081 | B82: 46118.857 | C82: 46118.904 | D82: 46119.442 | E82: Closed | F82: High | G82: Email / Collaboration | H82: Human Resources | I82: Portal | J82: A009 | K82: No | L82: 3 | M82: =IF(OR(B82="",C82=""),"",24*(C82-B82)) -> 1.1243164 | N82: =IF(OR(B82="",D82=""),"",24*(D82-B82)) -> 14.049148 | O82: =VLOOKUP(F82,SLA_Targets!$A$2:$C$5,2,FALSE) -> 1 | P82: =VLOOKUP(F82,SLA_Targets!$A$2:$C$5,3,FALSE) -> 8 | Q82: =IF(M82="","Pending",IF(M82<=O82,"Met","Breached")) -> Breached | R82: =IF(N82="","Pending",IF(N82<=P82,"Met","Breached")) -> Breached | S82: Ishita Bose | T82: Workplace Support | U82: 1.2 | V82: Kolkata | W82: =COUNTIF($A$2:$A$321,A82) -> 1
A83: TKT-0082 | B83: 46119.341 | C83: 46119.57 | D83: 46119.604 | E83: Resolved | F83: Low | G83: Email / Collaboration | H83: Human Resources | I83: Portal | J83: A002 | K83: No | L83: 5 | M83: =IF(OR(B83="",C83=""),"",24*(C83-B83)) -> 5.5147164 | N83: =IF(OR(B83="",D83=""),"",24*(D83-B83)) -> 6.3236819 | O83: =VLOOKUP(F83,SLA_Targets!$A$2:$C$5,2,FALSE) -> 8 | P83: =VLOOKUP(F83,SLA_Targets!$A$2:$C$5,3,FALSE) -> 48 | Q83: =IF(M83="","Pending",IF(M83<=O83,"Met","Breached")) -> Met | R83: =IF(N83="","Pending",IF(N83<=P83,"Met","Breached")) -> Met | S83: Kabir Mehta | T83: Workplace Support | U83: 2.1 | V83: Pune | W83: =COUNTIF($A$2:$A$321,A83) -> 1
A84: TKT-0083 | B84: 46118.418 | C84: 46118.523 | D84: 46119.254 | E84: Closed | F84: Medium | G84: VPN / Network | H84: Legal | I84: Email | J84: A007 | K84: No | L84: 4 | M84: =IF(OR(B84="",C84=""),"",24*(C84-B84)) -> 2.5295311 | N84: =IF(OR(B84="",D84=""),"",24*(D84-B84)) -> 20.076421 | O84: =VLOOKUP(F84,SLA_Targets!$A$2:$C$5,2,FALSE) -> 4 | P84: =VLOOKUP(F84,SLA_Targets!$A$2:$C$5,3,FALSE) -> 24 | Q84: =IF(M84="","Pending",IF(M84<=O84,"Met","Breached")) -> Met | R84: =IF(N84="","Pending",IF(N84<=P84,"Met","Breached")) -> Met | S84: Meera Nair | T84: Network & Infra | U84: 7.1 | V84: Pune | W84: =COUNTIF($A$2:$A$321,A84) -> 1
A85: TKT-0084 | B85: 46177.62 | C85: 46177.697 | D85: 46178.187 | E85: Resolved | F85: Medium | G85: Email / Collaboration | H85: Operations | I85: Email | J85: A001 | K85: No | L85: 5 | M85: =IF(OR(B85="",C85=""),"",24*(C85-B85)) -> 1.8370706 | N85: =IF(OR(B85="",D85=""),"",24*(D85-B85)) -> 13.610583 | O85: =VLOOKUP(F85,SLA_Targets!$A$2:$C$5,2,FALSE) -> 4 | P85: =VLOOKUP(F85,SLA_Targets!$A$2:$C$5,3,FALSE) -> 24 | Q85: =IF(M85="","Pending",IF(M85<=O85,"Met","Breached")) -> Met | R85: =IF(N85="","Pending",IF(N85<=P85,"Met","Breached")) -> Met | S85: Riya Shah | T85: Workplace Support | U85: 4.2 | V85: Mumbai | W85: =COUNTIF($A$2:$A$321,A85) -> 1
A86: TKT-0085 | B86: 46187.72 | C86: 46187.773 | D86: 46188.017 | E86: Closed | F86: High | G86: ERP / Finance App | H86: Sales | I86: Portal | J86: A005 | K86: No | L86: 3 | M86: =IF(OR(B86="",C86=""),"",24*(C86-B86)) -> 1.2751025 | N86: =IF(OR(B86="",D86=""),"",24*(D86-B86)) -> 7.1428397 | O86: =VLOOKUP(F86,SLA_Targets!$A$2:$C$5,2,FALSE) -> 1 | P86: =VLOOKUP(F86,SLA_Targets!$A$2:$C$5,3,FALSE) -> 8 | Q86: =IF(M86="","Pending",IF(M86<=O86,"Met","Breached")) -> Breached | R86: =IF(N86="","Pending",IF(N86<=P86,"Met","Breached")) -> Met | S86: Sana Khan | T86: Business Apps | U86: 6.3 | V86: Mumbai | W86: =COUNTIF($A$2:$A$321,A86) -> 1
A87: TKT-0086 | B87: 46128.31 | C87: 46128.362 | D87: 46128.57 | E87: Resolved | F87: Medium | G87: Password / Access | H87: Sales | I87: Portal | J87: A011 | K87: No | L87: 4 | M87: =IF(OR(B87="",C87=""),"",24*(C87-B87)) -> 1.2434339 | N87: =IF(OR(B87="",D87=""),"",24*(D87-B87)) -> 6.2444486 | O87: =VLOOKUP(F87,SLA_Targets!$A$2:$C$5,2,FALSE) -> 4 | P87: =VLOOKUP(F87,SLA_Targets!$A$2:$C$5,3,FALSE) -> 24 | Q87: =IF(M87="","Pending",IF(M87<=O87,"Met","Breached")) -> Met | R87: =IF(N87="","Pending",IF(N87<=P87,"Met","Breached")) -> Met | S87: Tanya Joshi | T87: Identity & Access | U87: 2.7 | V87: Delhi | W87: =COUNTIF($A$2:$A$321,A87) -> 1
A88: TKT-0087 | B88: 46165.181 | C88: 46165.504 | D88: 46170.464 | E88: Closed | F88: Low | G88: Laptop / Hardware | H88: Marketing | I88: Email | J88: A002 | K88: No | L88: 4 | M88: =IF(OR(B88="",C88=""),"",24*(C88-B88)) -> 7.7521311 | N88: =IF(OR(B88="",D88=""),"",24*(D88-B88)) -> 126.80501 | O88: =VLOOKUP(F88,SLA_Targets!$A$2:$C$5,2,FALSE) -> 8 | P88: =VLOOKUP(F88,SLA_Targets!$A$2:$C$5,3,FALSE) -> 48 | Q88: =IF(M88="","Pending",IF(M88<=O88,"Met","Breached")) -> Met | R88: =IF(N88="","Pending",IF(N88<=P88,"Met","Breached")) -> Breached | S88: Kabir Mehta | T88: Workplace Support | U88: 2.1 | V88: Pune | W88: =COUNTIF($A$2:$A$321,A88) -> 1
A89: TKT-0088 | B89: 46198.093 | C89: 46198.274 | D89: 46198.373 | E89: Closed | F89: Medium | G89: Laptop / Hardware | H89: Human Resources | I89: Portal | J89: A002 | K89: No | L89: 5 | M89: =IF(OR(B89="",C89=""),"",24*(C89-B89)) -> 4.3451433 | N89: =IF(OR(B89="",D89=""),"",24*(D89-B89)) -> 6.7042039 | O89: =VLOOKUP(F89,SLA_Targets!$A$2:$C$5,2,FALSE) -> 4 | P89: =VLOOKUP(F89,SLA_Targets!$A$2:$C$5,3,FALSE) -> 24 | Q89: =IF(M89="","Pending",IF(M89<=O89,"Met","Breached")) -> Breached | R89: =IF(N89="","Pending",IF(N89<=P89,"Met","Breached")) -> Met | S89: Kabir Mehta | T89: Workplace Support | U89: 2.1 | V89: Pune | W89: =COUNTIF($A$2:$A$321,A89) -> 1
... A95: TKT-0094 | B95: 46163.372 | C95: 46163.519 | D95: 46164.423 | E95: Resolved | F95: Low | G95: Email / Collaboration | H95: Operations | I95: Phone | J95: A002 | K95: No | L95: 5 | M95: =IF(OR(B95="",C95=""),"",24*(C95-B95)) -> 3.5291481 | N95: =IF(OR(B95="",D95=""),"",24*(D95-B95)) -> 25.229988 | O95: =VLOOKUP(F95,SLA_Targets!$A$2:$C$5,2,FALSE) -> 8 | P95: =VLOOKUP(F95,SLA_Targets!$A$2:$C$5,3,FALSE) -> 48 | Q95: =IF(M95="","Pending",IF(M95<=O95,"Met","Breached")) -> Met | R95: =IF(N95="","Pending",IF(N95<=P95,"Met","Breached")) -> Met | S95: Kabir Mehta | T95: Workplace Support | U95: 2.1 | V95: Pune | W95: =COUNTIF($A$2:$A$321,A95) -> 1
A96: TKT-0095 | B96: 46200.194 | C96: 46200.271 | E96: In Progress | F96: High | G96: Server / Connectivity | H96: Engineering | I96: Email | J96: A007 | K96: No | M96: =IF(OR(B96="",C96=""),"",24*(C96-B96)) -> 1.8475769 | N96: =IF(OR(B96="",D96=""),"",24*(D96-B96)) | O96: =VLOOKUP(F96,SLA_Targets!$A$2:$C$5,2,FALSE) -> 1 | P96: =VLOOKUP(F96,SLA_Targets!$A$2:$C$5,3,FALSE) -> 8 | Q96: =IF(M96="","Pending",IF(M96<=O96,"Met","Breached")) -> Breached | R96: =IF(N96="","Pending",IF(N96<=P96,"Met","Breached")) -> Pending | S96: Meera Nair | T96: Network & Infra | U96: 7.1 | V96: Pune | W96: =COUNTIF($A$2:$A$321,A96) -> 1
A97: TKT-0096 | B97: 46166.294 | C97: 46166.342 | D97: 46166.574 | E97: Resolved | F97: High | G97: Laptop / Hardware | H97: Operations | I97: Portal | J97: A002 | K97: No | L97: 3 | M97: =IF(OR(B97="",C97=""),"",24*(C97-B97)) -> 1.1665514 | N97: =IF(OR(B97="",D97=""),"",24*(D97-B97)) -> 6.7171983 | O97: =VLOOKUP(F97,SLA_Targets!$A$2:$C$5,2,FALSE) -> 1 | P97: =VLOOKUP(F97,SLA_Targets!$A$2:$C$5,3,FALSE) -> 8 | Q97: =IF(M97="","Pending",IF(M97<=O97,"Met","Breached")) -> Breached | R97: =IF(N97="","Pending",IF(N97<=P97,"Met","Breached")) -> Met | S97: Kabir Mehta | T97: Workplace Support | U97: 2.1 | V97: Pune | W97: =COUNTIF($A$2:$A$321,A97) -> 1
A98: TKT-0097 | B98: 46190.178 | C98: 46190.198 | D98: 46190.382 | E98: Closed | F98: Critical | G98: Server / Connectivity | H98: Product | I98: Email | J98: A012 | K98: No | L98: 4 | M98: =IF(OR(B98="",C98=""),"",24*(C98-B98)) -> 0.46312444 | N98: =IF(OR(B98="",D98=""),"",24*(D98-B98)) -> 4.8887622 | O98: =VLOOKUP(F98,SLA_Targets!$A$2:$C$5,2,FALSE) -> 0.5 | P98: =VLOOKUP(F98,SLA_Targets!$A$2:$C$5,3,FALSE) -> 4 | Q98: =IF(M98="","Pending",IF(M98<=O98,"Met","Breached")) -> Met | R98: =IF(N98="","Pending",IF(N98<=P98,"Met","Breached")) -> Breached | S98: Vikram Pillai | T98: Network & Infra | U98: 5.1 | V98: Hyderabad | W98: =COUNTIF($A$2:$A$321,A98) -> 1
A99: TKT-0098 | B99: 46148.495 | C99: 46148.585 | D99: 46149.066 | E99: Resolved | F99: Medium | G99: Email / Collaboration | H99: Sales | I99: Portal | J99: A009 | K99: Yes | L99: 4 | M99: =IF(OR(B99="",C99=""),"",24*(C99-B99)) -> 2.17684 | N99: =IF(OR(B99="",D99=""),"",24*(D99-B99)) -> 13.714279 | O99: =VLOOKUP(F99,SLA_Targets!$A$2:$C$5,2,FALSE) -> 4 | P99: =VLOOKUP(F99,SLA_Targets!$A$2:$C$5,3,FALSE) -> 24 | Q99: =IF(M99="","Pending",IF(M99<=O99,"Met","Breached")) -> Met | R99: =IF(N99="","Pending",IF(N99<=P99,"Met","Breached")) -> Met | S99: Ishita Bose | T99: Workplace Support | U99: 1.2 | V99: Kolkata | W99: =COUNTIF($A$2:$A$321,A99) -> 1
A100: TKT-0099 | B100: 46202.03 | C100: 46202.083 | D100: 46202.805 | E100: Closed | F100: High | G100: ERP / Finance App | H100: Engineering | I100: Chat | J100: A006 | K100: Yes | L100: 4 | M100: =IF(OR(B100="",C100=""),"",24*(C100-B100)) -> 1.2800094 | N100: =IF(OR(B100="",D100=""),"",24*(D100-B100)) -> 18.617264 | O100: =VLOOKUP(F100,SLA_Targets!$A$2:$C$5,2,FALSE) -> 1 | P100: =VLOOKUP(F100,SLA_Targets!$A$2:$C$5,3,FALSE) -> 8 | Q100: =IF(M100="","Pending",IF(M100<=O100,"Met","Breached")) -> Breached | R100: =IF(N100="","Pending",IF(N100<=P100,"Met","Breached")) -> Breached | S100: Arjun Rao | T100: Business Apps | U100: 1.8 | V100: Hyderabad | W100: =COUNTIF($A$2:$A$321,A100) -> 1
A101: TKT-0100 | B101: 46179.542 | C101: 46179.975 | D101: 46185.268 | E101: Closed | F101: Low | G101: Server / Connectivity | H101: Legal | I101: Portal | J101: A012 | K101: No | L101: 3 | M101: =IF(OR(B101="",C101=""),"",24*(C101-B101)) -> 10.378985 | N101: =IF(OR(B101="",D101=""),"",24*(D101-B101)) -> 137.43132 | O101: =VLOOKUP(F101,SLA_Targets!$A$2:$C$5,2,FALSE) -> 8 | P101: =VLOOKUP(F101,SLA_Targets!$A$2:$C$5,3,FALSE) -> 48 | Q101: =IF(M101="","Pending",IF(M101<=O101,"Met","Breached")) -> Breached | R101: =IF(N101="","Pending",IF(N101<=P101,"Met","Breached")) -> Breached | S101: Vikram Pillai | T101: Network & Infra | U101: 5.1 | V101: Hyderabad | W101: =COUNTIF($A$2:$A$321,A101) -> 1
A102: TKT-0101 | B102: 46132.847 | C102: 46132.869 | D102: 46133.199 | E102: Closed | F102: High | G102: VPN / Network | H102: Finance | I102: Email | J102: A008 | K102: No | L102: 4 | M102: =IF(OR(B102="",C102=""),"",24*(C102-B102)) -> 0.5481575 | N102: =IF(OR(B102="",D102=""),"",24*(D102-B102)) -> 8.4621478 | O102: =VLOOKUP(F102,SLA_Targets!$A$2:$C$5,2,FALSE) -> 1 | P102: =VLOOKUP(F102,SLA_Targets!$A$2:$C$5,3,FALSE) -> 8 | Q102: =IF(M102="","Pending",IF(M102<=O102,"Met","Breached")) -> Met | R102: =IF(N102="","Pending",IF(N102<=P102,"Met","Breached")) -> Breached | S102: Dev Malhotra | T102: Network & Infra | U102: 3 | V102: Delhi | W102: =COUNTIF($A$2:$A$321,A102) -> 1
A103: TKT-0102 | B103: 46183.129 | C103: 46183.322 | D103: 46184.394 | E103: Resolved | F103: Medium | G103: ERP / Finance App | H103: Human Resources | I103: Chat | J103: A006 | K103: No | L103: 4 | M103: =IF(OR(B103="",C103=""),"",24*(C103-B103)) -> 4.6406458 | N103: =IF(OR(B103="",D103=""),"",24*(D103-B103)) -> 30.374267 | O103: =VLOOKUP(F103,SLA_Targets!$A$2:$C$5,2,FALSE) -> 4 | P103: =VLOOKUP(F103,SLA_Targets!$A$2:$C$5,3,FALSE) -> 24 | Q103: =IF(M103="","Pending",IF(M103<=O103,"Met","Breached")) -> Breached | R103: =IF(N103="","Pending",IF(N103<=P103,"Met","Breached")) -> Breached | S103: Arjun Rao | T103: Business Apps | U103: 1.8 | V103: Hyderabad | W103: =COUNTIF($A$2:$A$321,A103) -> 1
A104: TKT-0103 | B104: 46155.336 | C104: 46155.484 | D104: 46156.074 | E104: Closed | F104: Low | G104: ERP / Finance App | H104: Sales | I104: Portal | J104: A005 | K104: No | L104: 5 | M104: =IF(OR(B104="",C104=""),"",24*(C104-B104)) -> 3.5397103 | N104: =IF(OR(B104="",D104=""),"",24*(D104-B104)) -> 17.710963 | O104: =VLOOKUP(F104,SLA_Targets!$A$2:$C$5,2,FALSE) -> 8 | P104: =VLOOKUP(F104,SLA_Targets!$A$2:$C$5,3,FALSE) -> 48 | Q104: =IF(M104="","Pending",IF(M104<=O104,"Met","Breached")) -> Met | R104: =IF(N104="","Pending",IF(N104<=P104,"Met","Breached")) -> Met | S104: Sana Khan | T104: Business Apps | U104: 6.3 | V104: Mumbai | W104: =COUNTIF($A$2:$A$321,A104) -> 1
A105: TKT-0104 | B105: 46165.129 | C105: 46165.159 | D105: 46165.441 | E105: Closed | F105: High | G105: Password / Access | H105: Sales | I105: Email | J105: A011 | K105: Yes | L105: 3 | M105: =IF(OR(B105="",C105=""),"",24*(C105-B105)) -> 0.720835 | N105: =IF(OR(B105="",D105=""),"",24*(D105-B105)) -> 7.4975758 | O105: =VLOOKUP(F105,SLA_Targets!$A$2:$C$5,2,FALSE) -> 1 | P105: =VLOOKUP(F105,SLA_Targets!$A$2:$C$5,3,FALSE) -> 8 | Q105: =IF(M105="","Pending",IF(M105<=O105,"Met","Breached")) -> Met | R105: =IF(N105="","Pending",IF(N105<=P105,"Met","Breached")) -> Met | S105: Tanya Joshi | T105: Identity & Access | U105: 2.7 | V105: Delhi | W105: =COUNTIF($A$2:$A$321,A105) -> 1
A106: TKT-0105 | B106: 46176.552 | C106: 46176.714 | D106: 46177.266 | E106: Closed | F106: Medium | G106: Laptop / Hardware | H106: Finance | I106: Chat | J106: A009 | K106: No | L106: 4 | M106: =IF(OR(B106="",C106=""),"",24*(C106-B106)) -> 3.9018428 | N106: =IF(OR(B106="",D106=""),"",24*(D106-B106)) -> 17.14892 | O106: =VLOOKUP(F106,SLA_Targets!$A$2:$C$5,2,FALSE) -> 4 | P106: =VLOOKUP(F106,SLA_Targets!$A$2:$C$5,3,FALSE) -> 24 | Q106: =IF(M106="","Pending",IF(M106<=O106,"Met","Breached")) -> Met | R106: =IF(N106="","Pending",IF(N106<=P106,"Met","Breached")) -> Met | S106: Ishita Bose | T106: Workplace Support | U106: 1.2 | V106: Kolkata | W106: =COUNTIF($A$2:$A$321,A106) -> 1
A107: TKT-0106 | B107: 46180.191 | C107: 46180.206 | D107: 46180.438 | E107: Closed | F107: High | G107: Password / Access | H107: Engineering | I107: Portal | J107: A004 | K107: No | L107: 4 | M107: =IF(OR(B107="",C107=""),"",24*(C107-B107)) -> 0.36816583 | N107: =IF(OR(B107="",D107=""),"",24*(D107-B107)) -> 5.9361067 | O107: =VLOOKUP(F107,SLA_Targets!$A$2:$C$5,2,FALSE) -> 1 | P107: =VLOOKUP(F107,SLA_Targets!$A$2:$C$5,3,FALSE) -> 8 | Q107: =IF(M107="","Pending",IF(M107<=O107,"Met","Breached")) -> Met | R107: =IF(N107="","Pending",IF(N107<=P107,"Met","Breached")) -> Met | S107: Neha Iyer | T107: Identity & Access | U107: 3.4 | V107: Bengaluru | W107: =COUNTIF($A$2:$A$321,A107) -> 1
A108: TKT-0107 | B108: 46118.247 | C108: 46118.374 | D108: 46120.446 | E108: Closed | F108: Medium | G108: Laptop / Hardware | H108: Product | I108: Chat | J108: A009 | K108: No | L108: 4 | M108: =IF(OR(B108="",C108=""),"",24*(C108-B108)) -> 3.0597625 | N108: =IF(OR(B108="",D108=""),"",24*(D108-B108)) -> 52.791 | O108: =VLOOKUP(F108,SLA_Targets!$A$2:$C$5,2,FALSE) -> 4 | P108: =VLOOKUP(F108,SLA_Targets!$A$2:$C$5,3,FALSE) -> 24 | Q108: =IF(M108="","Pending",IF(M108<=O108,"Met","Breached")) -> Met | R108: =IF(N108="","Pending",IF(N108<=P108,"Met","Breached")) -> Breached | S108: Ishita Bose | T108: Workplace Support | U108: 1.2 | V108: Kolkata | W108: =COUNTIF($A$2:$A$321,A108) -> 1
... A123: TKT-0122 | B123: 46126.302 | C123: 46126.547 | D123: 46127.497 | E123: Closed | F123: Medium | G123: ERP / Finance App | H123: Legal | I123: Email | J123: A010 | K123: No | L123: 4 | M123: =IF(OR(B123="",C123=""),"",24*(C123-B123)) -> 5.8895183 | N123: =IF(OR(B123="",D123=""),"",24*(D123-B123)) -> 28.684859 | O123: =VLOOKUP(F123,SLA_Targets!$A$2:$C$5,2,FALSE) -> 4 | P123: =VLOOKUP(F123,SLA_Targets!$A$2:$C$5,3,FALSE) -> 24 | Q123: =IF(M123="","Pending",IF(M123<=O123,"Met","Breached")) -> Breached | R123: =IF(N123="","Pending",IF(N123<=P123,"Met","Breached")) -> Breached | S123: Rohan Sen | T123: Business Apps | U123: 4.8 | V123: Kolkata | W123: =COUNTIF($A$2:$A$321,A123) -> 1
A124: TKT-0123 | B124: 46193.799 | C124: 46193.927 | E124: Pending | F124: Medium | G124: ERP / Finance App | H124: Sales | I124: Portal | J124: A010 | K124: No | M124: =IF(OR(B124="",C124=""),"",24*(C124-B124)) -> 3.0574025 | N124: =IF(OR(B124="",D124=""),"",24*(D124-B124)) | O124: =VLOOKUP(F124,SLA_Targets!$A$2:$C$5,2,FALSE) -> 4 | P124: =VLOOKUP(F124,SLA_Targets!$A$2:$C$5,3,FALSE) -> 24 | Q124: =IF(M124="","Pending",IF(M124<=O124,"Met","Breached")) -> Met | R124: =IF(N124="","Pending",IF(N124<=P124,"Met","Breached")) -> Pending | S124: Rohan Sen | T124: Business Apps | U124: 4.8 | V124: Kolkata | W124: =COUNTIF($A$2:$A$321,A124) -> 1
A125: TKT-0124 | B125: 46191.85 | C125: 46191.855 | D125: 46191.946 | E125: Resolved | F125: Critical | G125: Password / Access | H125: Engineering | I125: Portal | J125: A004 | K125: No | L125: 4 | M125: =IF(OR(B125="",C125=""),"",24*(C125-B125)) -> 0.13841139 | N125: =IF(OR(B125="",D125=""),"",24*(D125-B125)) -> 2.3031453 | O125: =VLOOKUP(F125,SLA_Targets!$A$2:$C$5,2,FALSE) -> 0.5 | P125: =VLOOKUP(F125,SLA_Targets!$A$2:$C$5,3,FALSE) -> 4 | Q125: =IF(M125="","Pending",IF(M125<=O125,"Met","Breached")) -> Met | R125: =IF(N125="","Pending",IF(N125<=P125,"Met","Breached")) -> Met | S125: Neha Iyer | T125: Identity & Access | U125: 3.4 | V125: Bengaluru | W125: =COUNTIF($A$2:$A$321,A125) -> 1
A126: TKT-0125 | B126: 46117.731 | C126: 46117.837 | D126: 46118.214 | E126: Resolved | F126: Medium | G126: Email / Collaboration | H126: Finance | I126: Chat | J126: A009 | K126: No | L126: 4 | M126: =IF(OR(B126="",C126=""),"",24*(C126-B126)) -> 2.5515464 | N126: =IF(OR(B126="",D126=""),"",24*(D126-B126)) -> 11.614934 | O126: =VLOOKUP(F126,SLA_Targets!$A$2:$C$5,2,FALSE) -> 4 | P126: =VLOOKUP(F126,SLA_Targets!$A$2:$C$5,3,FALSE) -> 24 | Q126: =IF(M126="","Pending",IF(M126<=O126,"Met","Breached")) -> Met | R126: =IF(N126="","Pending",IF(N126<=P126,"Met","Breached")) -> Met | S126: Ishita Bose | T126: Workplace Support | U126: 1.2 | V126: Kolkata | W126: =COUNTIF($A$2:$A$321,A126) -> 1
A127: TKT-0126 | B127: 46156.882 | C127: 46157.038 | D127: 46158.013 | E127: Closed | F127: Low | G127: Printer / Peripheral | H127: Human Resources | I127: Email | J127: A002 | K127: Yes | L127: 5 | M127: =IF(OR(B127="",C127=""),"",24*(C127-B127)) -> 3.7498581 | N127: =IF(OR(B127="",D127=""),"",24*(D127-B127)) -> 27.152194 | O127: =VLOOKUP(F127,SLA_Targets!$A$2:$C$5,2,FALSE) -> 8 | P127: =VLOOKUP(F127,SLA_Targets!$A$2:$C$5,3,FALSE) -> 48 | Q127: =IF(M127="","Pending",IF(M127<=O127,"Met","Breached")) -> Met | R127: =IF(N127="","Pending",IF(N127<=P127,"Met","Breached")) -> Met | S127: Kabir Mehta | T127: Workplace Support | U127: 2.1 | V127: Pune | W127: =COUNTIF($A$2:$A$321,A127) -> 1
A128: TKT-0127 | B128: 46115.541 | C128: 46115.569 | D128: 46115.763 | E128: Resolved | F128: High | G128: Server / Connectivity | H128: Product | I128: Portal | J128: A012 | K128: Yes | L128: 3 | M128: =IF(OR(B128="",C128=""),"",24*(C128-B128)) -> 0.67177722 | N128: =IF(OR(B128="",D128=""),"",24*(D128-B128)) -> 5.3405411 | O128: =VLOOKUP(F128,SLA_Targets!$A$2:$C$5,2,FALSE) -> 1 | P128: =VLOOKUP(F128,SLA_Targets!$A$2:$C$5,3,FALSE) -> 8 | Q128: =IF(M128="","Pending",IF(M128<=O128,"Met","Breached")) -> Met | R128: =IF(N128="","Pending",IF(N128<=P128,"Met","Breached")) -> Met | S128: Vikram Pillai | T128: Network & Infra | U128: 5.1 | V128: Hyderabad | W128: =COUNTIF($A$2:$A$321,A128) -> 1
A129: TKT-0128 | B129: 46199.138 | C129: 46199.365 | D129: 46199.551 | E129: Resolved | F129: Medium | G129: Printer / Peripheral | H129: Human Resources | I129: Portal | J129: A001 | K129: Yes | L129: 2 | M129: =IF(OR(B129="",C129=""),"",24*(C129-B129)) -> 5.4536969 | N129: =IF(OR(B129="",D129=""),"",24*(D129-B129)) -> 9.9267739 | O129: =VLOOKUP(F129,SLA_Targets!$A$2:$C$5,2,FALSE) -> 4 | P129: =VLOOKUP(F129,SLA_Targets!$A$2:$C$5,3,FALSE) -> 24 | Q129: =IF(M129="","Pending",IF(M129<=O129,"Met","Breached")) -> Breached | R129: =IF(N129="","Pending",IF(N129<=P129,"Met","Breached")) -> Met | S129: Riya Shah | T129: Workplace Support | U129: 4.2 | V129: Mumbai | W129: =COUNTIF($A$2:$A$321,A129) -> 1
A130: TKT-0129 | B130: 46141.418 | C130: 46141.809 | D130: 46142.889 | E130: Closed | F130: Low | G130: Laptop / Hardware | H130: Legal | I130: Email | J130: A009 | K130: No | L130: 5 | M130: =IF(OR(B130="",C130=""),"",24*(C130-B130)) -> 9.3836136 | N130: =IF(OR(B130="",D130=""),"",24*(D130-B130)) -> 35.305896 | O130: =VLOOKUP(F130,SLA_Targets!$A$2:$C$5,2,FALSE) -> 8 | P130: =VLOOKUP(F130,SLA_Targets!$A$2:$C$5,3,FALSE) -> 48 | Q130: =IF(M130="","Pending",IF(M130<=O130,"Met","Breached")) -> Breached | R130: =IF(N130="","Pending",IF(N130<=P130,"Met","Breached")) -> Met | S130: Ishita Bose | T130: Workplace Support | U130: 1.2 | V130: Kolkata | W130: =COUNTIF($A$2:$A$321,A130) -> 1
A131: TKT-0130 | B131: 46198.745 | C131: 46198.768 | E131: Pending | F131: Critical | G131: VPN / Network | H131: Product | I131: Email | J131: A012 | K131: No | M131: =IF(OR(B131="",C131=""),"",24*(C131-B131)) -> 0.55553528 | N131: =IF(OR(B131="",D131=""),"",24*(D131-B131)) | O131: =VLOOKUP(F131,SLA_Targets!$A$2:$C$5,2,FALSE) -> 0.5 | P131: =VLOOKUP(F131,SLA_Targets!$A$2:$C$5,3,FALSE) -> 4 | Q131: =IF(M131="","Pending",IF(M131<=O131,"Met","Breached")) -> Breached | R131: =IF(N131="","Pending",IF(N131<=P131,"Met","Breached")) -> Pending | S131: Vikram Pillai | T131: Network & Infra | U131: 5.1 | V131: Hyderabad | W131: =COUNTIF($A$2:$A$321,A131) -> 1
A132: TKT-0131 | B132: 46131.186 | C132: 46131.251 | D132: 46131.333 | E132: Closed | F132: High | G132: VPN / Network | H132: Operations | I132: Phone | J132: A007 | K132: No | L132: 4 | M132: =IF(OR(B132="",C132=""),"",24*(C132-B132)) -> 1.5459942 | N132: =IF(OR(B132="",D132=""),"",24*(D132-B132)) -> 3.5278464 | O132: =VLOOKUP(F132,SLA_Targets!$A$2:$C$5,2,FALSE) -> 1 | P132: =VLOOKUP(F132,SLA_Targets!$A$2:$C$5,3,FALSE) -> 8 | Q132: =IF(M132="","Pending",IF(M132<=O132,"Met","Breached")) -> Breached | R132: =IF(N132="","Pending",IF(N132<=P132,"Met","Breached")) -> Met | S132: Meera Nair | T132: Network & Infra | U132: 7.1 | V132: Pune | W132: =COUNTIF($A$2:$A$321,A132) -> 1
A133: TKT-0132 | B133: 46195.582 | C133: 46195.698 | D133: 46196.435 | E133: Closed | F133: Medium | G133: Email / Collaboration | H133: Finance | I133: Portal | J133: A001 | K133: No | L133: 4 | M133: =IF(OR(B133="",C133=""),"",24*(C133-B133)) -> 2.7888217 | N133: =IF(OR(B133="",D133=""),"",24*(D133-B133)) -> 20.485762 | O133: =VLOOKUP(F133,SLA_Targets!$A$2:$C$5,2,FALSE) -> 4 | P133: =VLOOKUP(F133,SLA_Targets!$A$2:$C$5,3,FALSE) -> 24 | Q133: =IF(M133="","Pending",IF(M133<=O133,"Met","Breached")) -> Met | R133: =IF(N133="","Pending",IF(N133<=P133,"Met","Breached")) -> Met | S133: Riya Shah | T133: Workplace Support | U133: 4.2 | V133: Mumbai | W133: =COUNTIF($A$2:$A$321,A133) -> 1
A134: TKT-0133 | B134: 46133.898 | C134: 46134.263 | D134: 46135.008 | E134: Closed | F134: Low | G134: Server / Connectivity | H134: Engineering | I134: Email | J134: A007 | K134: No | L134: 5 | M134: =IF(OR(B134="",C134=""),"",24*(C134-B134)) -> 8.7625267 | N134: =IF(OR(B134="",D134=""),"",24*(D134-B134)) -> 26.638905 | O134: =VLOOKUP(F134,SLA_Targets!$A$2:$C$5,2,FALSE) -> 8 | P134: =VLOOKUP(F134,SLA_Targets!$A$2:$C$5,3,FALSE) -> 48 | Q134: =IF(M134="","Pending",IF(M134<=O134,"Met","Breached")) -> Breached | R134: =IF(N134="","Pending",IF(N134<=P134,"Met","Breached")) -> Met | S134: Meera Nair | T134: Network & Infra | U134: 7.1 | V134: Pune | W134: =COUNTIF($A$2:$A$321,A134) -> 1
A135: TKT-0134 | B135: 46143.278 | C135: 46143.568 | D135: 46143.957 | E135: Closed | F135: Medium | G135: Laptop / Hardware | H135: Engineering | I135: Phone | J135: A002 | K135: No | L135: 4 | M135: =IF(OR(B135="",C135=""),"",24*(C135-B135)) -> 6.9549053 | N135: =IF(OR(B135="",D135=""),"",24*(D135-B135)) -> 16.294814 | O135: =VLOOKUP(F135,SLA_Targets!$A$2:$C$5,2,FALSE) -> 4 | P135: =VLOOKUP(F135,SLA_Targets!$A$2:$C$5,3,FALSE) -> 24 | Q135: =IF(M135="","Pending",IF(M135<=O135,"Met","Breached")) -> Breached | R135: =IF(N135="","Pending",IF(N135<=P135,"Met","Breached")) -> Met | S135: Kabir Mehta | T135: Workplace Support | U135: 2.1 | V135: Pune | W135: =COUNTIF($A$2:$A$321,A135) -> 1
A136: TKT-0135 | B136: 46167.055 | C136: 46167.084 | D136: 46167.284 | E136: Closed | F136: High | G136: Server / Connectivity | H136: Operations | I136: Portal | J136: A008 | K136: No | L136: 4 | M136: =IF(OR(B136="",C136=""),"",24*(C136-B136)) -> 0.71436556 | N136: =IF(OR(B136="",D136=""),"",24*(D136-B136)) -> 5.5174819 | O136: =VLOOKUP(F136,SLA_Targets!$A$2:$C$5,2,FALSE) -> 1 | P136: =VLOOKUP(F136,SLA_Targets!$A$2:$C$5,3,FALSE) -> 8 | Q136: =IF(M136="","Pending",IF(M136<=O136,"Met","Breached")) -> Met | R136: =IF(N136="","Pending",IF(N136<=P136,"Met","Breached")) -> Met | S136: Dev Malhotra | T136: Network & Infra | U136: 3 | V136: Delhi | W136: =COUNTIF($A$2:$A$321,A136) -> 1
A137: TKT-0136 | B137: 46160.774 | C137: 46160.817 | D137: 46161.188 | E137: Resolved | F137: High | G137: Server / Connectivity | H137: Engineering | I137: Phone | J137: A008 | K137: No | L137: 3 | M137: =IF(OR(B137="",C137=""),"",24*(C137-B137)) -> 1.0396331 | N137: =IF(OR(B137="",D137=""),"",24*(D137-B137)) -> 9.9308961 | O137: =VLOOKUP(F137,SLA_Targets!$A$2:$C$5,2,FALSE) -> 1 | P137: =VLOOKUP(F137,SLA_Targets!$A$2:$C$5,3,FALSE) -> 8 | Q137: =IF(M137="","Pending",IF(M137<=O137,"Met","Breached")) -> Breached | R137: =IF(N137="","Pending",IF(N137<=P137,"Met","Breached")) -> Breached | S137: Dev Malhotra | T137: Network & Infra | U137: 3 | V137: Delhi | W137: =COUNTIF($A$2:$A$321,A137) -> 1
A138: TKT-0137 | B138: 46120.55 | C138: 46120.61 | D138: 46121.133 | E138: Closed | F138: Medium | G138: Server / Connectivity | H138: Product | I138: Phone | J138: A007 | K138: No | L138: 4 | M138: =IF(OR(B138="",C138=""),"",24*(C138-B138)) -> 1.4390406 | N138: =IF(OR(B138="",D138=""),"",24*(D138-B138)) -> 13.995292 | O138: =VLOOKUP(F138,SLA_Targets!$A$2:$C$5,2,FALSE) -> 4 | P138: =VLOOKUP(F138,SLA_Targets!$A$2:$C$5,3,FALSE) -> 24 | Q138: =IF(M138="","Pending",IF(M138<=O138,"Met","Breached")) -> Met | R138: =IF(N138="","Pending",IF(N138<=P138,"Met","Breached")) -> Met | S138: Meera Nair | T138: Network & Infra | U138: 7.1 | V138: Pune | W138: =COUNTIF($A$2:$A$321,A138) -> 1
...

Sheet Project_Brief
A1: IT Helpdesk Operations & SLA Analysis
A2: Goal: identify service bottlenecks, SLA breaches, workload imbalance, and service-quality issues.
A3: Final output: cleaned analysis table + KPI section + PivotTable analysis + one-page dashboard.
A4: Use Agent_ID to enrich tickets from Agent_Master.
A5: Use Priority to look up response/resolution targets from SLA_Targets.
A6: Intentional issues: inconsistent Department values, 5 duplicate ticket rows, meaningful blank CSAT/resolution cells.
A7: Suggested questions: SLA compliance by priority/category/team; workload by team/agent; CSAT vs SLA; reopened-ticket performance; department demand; monthly trend.

Sheet Analysis
A1: IT Helpdesk Analysis
A3: Overall KPI | B3: Value | D3: Response SLA Status | E3: Tickets | F3: Share | H3: Resolution SLA Status | I3: Tickets | J3: Share | O3: Issue Category | P3: Resolution SLA %
A4: Total Tickets | B4: =COUNTA(Clean_Tickets!$A$2:$A$321) -> 320 | D4: Met | E4: =COUNTIF(Clean_Tickets!$Q$2:$Q$321,D4) -> 240 | F4: =E4/SUM($E$4:$E$6) -> 0.75 | H4: Met | I4: =COUNTIF(Clean_Tickets!$R$2:$R$321,H4) -> 213 | J4: =I4/SUM($I$4:$I$6) -> 0.665625 | O4: =A26 -> Password / Access | P4: =I26 -> 0.94642857
A5: Closed / Resolved | B5: =COUNTIF(Clean_Tickets!$E$2:$E$321,"Closed")+COUNTIF(Clean_Tickets!$E$2:$E$321,"Resolved") -> 304 | D5: Breached | E5: =COUNTIF(Clean_Tickets!$Q$2:$Q$321,D5) -> 80 | F5: =E5/SUM($E$4:$E$6) -> 0.25 | H5: Breached | I5: =COUNTIF(Clean_Tickets!$R$2:$R$321,H5) -> 91 | J5: =I5/SUM($I$4:$I$6) -> 0.284375 | O5: =A27 -> Laptop / Hardware | P5: =I27 -> 0.60416667
A6: Open / In Progress | B6: =COUNTIF(Clean_Tickets!$E$2:$E$321,"Pending")+COUNTIF(Clean_Tickets!$E$2:$E$321,"In Progress") -> 16 | D6: Pending | E6: =COUNTIF(Clean_Tickets!$Q$2:$Q$321,D6) -> 0 | F6: =E6/SUM($E$4:$E$6) -> 0 | H6: Pending | I6: =COUNTIF(Clean_Tickets!$R$2:$R$321,H6) -> 16 | J6: =I6/SUM($I$4:$I$6) -> 0.05 | O6: =A28 -> Email / Collaboration | P6: =I28 -> 0.78571429
A7: Reopened Tickets | B7: =COUNTIF(Clean_Tickets!$K$2:$K$321,"Yes") -> 36 | O7: =A29 -> VPN / Network | P7: =I29 -> 0.74358974
A8: Reopen Rate | B8: =B7/B4 -> 0.1125 | O8: =A30 -> ERP / Finance App | P8: =I30 -> 0.57142857
A9: Avg First Response (hrs) | B9: =SUM(Clean_Tickets!$M$2:$M$321)/COUNT(Clean_Tickets!$M$2:$M$321) -> 2.6397433 | O9: =A31 -> CRM / Sales App | P9: =I31 -> 0.5
A10: Avg Resolution (hrs) | B10: =SUM(Clean_Tickets!$N$2:$N$321)/COUNT(Clean_Tickets!$N$2:$N$321) -> 18.108642 | O10: =A32 -> Server / Connectivity | P10: =I32 -> 0.46875
A11: Avg CSAT | B11: =SUM(Clean_Tickets!$L$2:$L$321)/COUNT(Clean_Tickets!$L$2:$L$321) -> 4.1118421 | O11: =A33 -> Printer / Peripheral | P11: =I33 -> 0.9
A12: Response SLA Compliance | B12: =COUNTIF(Clean_Tickets!$Q$2:$Q$321,"Met")/(COUNTIF(Clean_Tickets!$Q$2:$Q$321,"Met")+COUNTIF(Clean_Tickets!$Q$2:$Q$321,"Breached")) -> 0.75
A13: Resolution SLA Compliance | B13: =COUNTIF(Clean_Tickets!$R$2:$R$321,"Met")/(COUNTIF(Clean_Tickets!$R$2:$R$321,"Met")+COUNTIF(Clean_Tickets!$R$2:$R$321,"Breached")) -> 0.70065789
O14: Support Team | P14: Resolution SLA %
O15: =A50 -> Workplace Support | P15: =I50 -> 0.72727273
A16: Priority Analysis | O16: =A51 -> Network & Infra | P16: =I51 -> 0.61971831
A17: Group | B17: Tickets | C17: Resp Met | D17: Resp Breached | E17: Resp SLA % | F17: Res Met | G17: Res Breached | H17: Res Pending | I17: Res SLA % | J17: Avg Resp Hrs | K17: Avg Res Hrs | L17: Avg CSAT | M17: Reopened | O17: =A52 -> Business Apps | P17: =I52 -> 0.53731343
A18: Critical | B18: =COUNTIF(Clean_Tickets!$F$2:$F$321,A18) -> 60 | C18: =COUNTIFS(Clean_Tickets!$F$2:$F$321,A18,Clean_Tickets!$Q$2:$Q$321,"Met") -> 54 | D18: =COUNTIFS(Clean_Tickets!$F$2:$F$321,A18,Clean_Tickets!$Q$2:$Q$321,"Breached") -> 6 | E18: =IFERROR(C18/(C18+D18),0) -> 0.9 | F18: =COUNTIFS(Clean_Tickets!$F$2:$F$321,A18,Clean_Tickets!$R$2:$R$321,"Met") -> 46 | G18: =COUNTIFS(Clean_Tickets!$F$2:$F$321,A18,Clean_Tickets!$R$2:$R$321,"Breached") -> 12 | H18: =COUNTIFS(Clean_Tickets!$F$2:$F$321,A18,Clean_Tickets!$R$2:$R$321,"Pending") -> 2 | I18: =IFERROR(F18/(F18+G18),0) -> 0.79310345 | J18: =IFERROR(SUMIF(Clean_Tickets!$F$2:$F$321,A18,Clean_Tickets!$M$2:$M$321)/COUNTIF(Clean_Tickets!$F$2:$F$321,A18),0) -> 0.28721683 | K18: =IFERROR(SUMIF(Clean_Tickets!$F$2:$F$321,A18,Clean_Tickets!$N$2:$N$321)/(COUNTIFS(Clean_Tickets!$F$2:$F$321,A18,Clean_Tickets!$E$2:$E$321,"Closed")+COUNTIFS(Clean_Tickets!$F$2:$F$321,A18,Clean_Tickets!$E$2:$E$321,"Resolved")),0) -> 2.9809526 | L18: =IFERROR(SUMIF(Clean_Tickets!$F$2:$F$321,A18,Clean_Tickets!$L$2:$L$321)/COUNTIFS(Clean_Tickets!$F$2:$F$321,A18,Clean_Tickets!$L$2:$L$321,">0"),0) -> 4.2068966 | M18: =COUNTIFS(Clean_Tickets!$F$2:$F$321,A18,Clean_Tickets!$K$2:$K$321,"Yes") -> 8 | O18: =A53 -> Identity & Access | P18: =I53 -> 0.94642857
A19: High | B19: =COUNTIF(Clean_Tickets!$F$2:$F$321,A19) -> 84 | C19: =COUNTIFS(Clean_Tickets!$F$2:$F$321,A19,Clean_Tickets!$Q$2:$Q$321,"Met") -> 58 | D19: =COUNTIFS(Clean_Tickets!$F$2:$F$321,A19,Clean_Tickets!$Q$2:$Q$321,"Breached") -> 26 | E19: =IFERROR(C19/(C19+D19),0) -> 0.69047619 | F19: =COUNTIFS(Clean_Tickets!$F$2:$F$321,A19,Clean_Tickets!$R$2:$R$321,"Met") -> 55 | G19: =COUNTIFS(Clean_Tickets!$F$2:$F$321,A19,Clean_Tickets!$R$2:$R$321,"Breached") -> 26 | H19: =COUNTIFS(Clean_Tickets!$F$2:$F$321,A19,Clean_Tickets!$R$2:$R$321,"Pending") -> 3 | I19: =IFERROR(F19/(F19+G19),0) -> 0.67901235 | J19: =IFERROR(SUMIF(Clean_Tickets!$F$2:$F$321,A19,Clean_Tickets!$M$2:$M$321)/COUNTIF(Clean_Tickets!$F$2:$F$321,A19),0) -> 0.88231727 | K19: =IFERROR(SUMIF(Clean_Tickets!$F$2:$F$321,A19,Clean_Tickets!$N$2:$N$321)/(COUNTIFS(Clean_Tickets!$F$2:$F$321,A19,Clean_Tickets!$E$2:$E$321,"Closed")+COUNTIFS(Clean_Tickets!$F$2:$F$321,A19,Clean_Tickets!$E$2:$E$321,"Resolved")),0) -> 7.2748293 | L19: =IFERROR(SUMIF(Clean_Tickets!$F$2:$F$321,A19,Clean_Tickets!$L$2:$L$321)/COUNTIFS(Clean_Tickets!$F$2:$F$321,A19,Clean_Tickets!$L$2:$L$321,">0"),0) -> 4.0617284 | M19: =COUNTIFS(Clean_Tickets!$F$2:$F$321,A19,Clean_Tickets!$K$2:$K$321,"Yes") -> 11
A20: Medium | B20: =COUNTIF(Clean_Tickets!$F$2:$F$321,A20) -> 127 | C20: =COUNTIFS(Clean_Tickets!$F$2:$F$321,A20,Clean_Tickets!$Q$2:$Q$321,"Met") -> 94 | D20: =COUNTIFS(Clean_Tickets!$F$2:$F$321,A20,Clean_Tickets!$Q$2:$Q$321,"Breached") -> 33 | E20: =IFERROR(C20/(C20+D20),0) -> 0.74015748 | F20: =COUNTIFS(Clean_Tickets!$F$2:$F$321,A20,Clean_Tickets!$R$2:$R$321,"Met") -> 82 | G20: =COUNTIFS(Clean_Tickets!$F$2:$F$321,A20,Clean_Tickets!$R$2:$R$321,"Breached") -> 38 | H20: =COUNTIFS(Clean_Tickets!$F$2:$F$321,A20,Clean_Tickets!$R$2:$R$321,"Pending") -> 7 | I20: =IFERROR(F20/(F20+G20),0) -> 0.68333333 | J20: =IFERROR(SUMIF(Clean_Tickets!$F$2:$F$321,A20,Clean_Tickets!$M$2:$M$321)/COUNTIF(Clean_Tickets!$F$2:$F$321,A20),0) -> 3.3539497 | K20: =IFERROR(SUMIF(Clean_Tickets!$F$2:$F$321,A20,Clean_Tickets!$N$2:$N$321)/(COUNTIFS(Clean_Tickets!$F$2:$F$321,A20,Clean_Tickets!$E$2:$E$321,"Closed")+COUNTIFS(Clean_Tickets!$F$2:$F$321,A20,Clean_Tickets!$E$2:$E$321,"Resolved")),0) -> 20.976325 | L20: =IFERROR(SUMIF(Clean_Tickets!$F$2:$F$321,A20,Clean_Tickets!$L$2:$L$321)/COUNTIFS(Clean_Tickets!$F$2:$F$321,A20,Clean_Tickets!$L$2:$L$321,">0"),0) -> 4.075 | M20: =COUNTIFS(Clean_Tickets!$F$2:$F$321,A20,Clean_Tickets!$K$2:$K$321,"Yes") -> 13
A21: Low | B21: =COUNTIF(Clean_Tickets!$F$2:$F$321,A21) -> 49 | C21: =COUNTIFS(Clean_Tickets!$F$2:$F$321,A21,Clean_Tickets!$Q$2:$Q$321,"Met") -> 34 | D21: =COUNTIFS(Clean_Tickets!$F$2:$F$321,A21,Clean_Tickets!$Q$2:$Q$321,"Breached") -> 15 | E21: =IFERROR(C21/(C21+D21),0) -> 0.69387755 | F21: =COUNTIFS(Clean_Tickets!$F$2:$F$321,A21,Clean_Tickets!$R$2:$R$321,"Met") -> 30 | G21: =COUNTIFS(Clean_Tickets!$F$2:$F$321,A21,Clean_Tickets!$R$2:$R$321,"Breached") -> 15 | H21: =COUNTIFS(Clean_Tickets!$F$2:$F$321,A21,Clean_Tickets!$R$2:$R$321,"Pending") -> 4 | I21: =IFERROR(F21/(F21+G21),0) -> 0.66666667 | J21: =IFERROR(SUMIF(Clean_Tickets!$F$2:$F$321,A21,Clean_Tickets!$M$2:$M$321)/COUNTIF(Clean_Tickets!$F$2:$F$321,A21),0) -> 6.6820116 | K21: =IFERROR(SUMIF(Clean_Tickets!$F$2:$F$321,A21,Clean_Tickets!$N$2:$N$321)/(COUNTIFS(Clean_Tickets!$F$2:$F$321,A21,Clean_Tickets!$E$2:$E$321,"Closed")+COUNTIFS(Clean_Tickets!$F$2:$F$321,A21,Clean_Tickets!$E$2:$E$321,"Resolved")),0) -> 49.460258 | L21: =IFERROR(SUMIF(Clean_Tickets!$F$2:$F$321,A21,Clean_Tickets!$L$2:$L$321)/COUNTIFS(Clean_Tickets!$F$2:$F$321,A21,Clean_Tickets!$L$2:$L$321,">0"),0) -> 4.1777778 | M21: =COUNTIFS(Clean_Tickets!$F$2:$F$321,A21,Clean_Tickets!$K$2:$K$321,"Yes") -> 4
A24: Issue Category Analysis
A25: Group | B25: Tickets | C25: Resp Met | D25: Resp Breached | E25: Resp SLA % | F25: Res Met | G25: Res Breached | H25: Res Pending | I25: Res SLA % | J25: Avg Resp Hrs | K25: Avg Res Hrs | L25: Avg CSAT | M25: Reopened
A26: Password / Access | B26: =COUNTIF(Clean_Tickets!$G$2:$G$321,A26) -> 57 | C26: =COUNTIFS(Clean_Tickets!$G$2:$G$321,A26,Clean_Tickets!$Q$2:$Q$321,"Met") -> 51 | D26: =COUNTIFS(Clean_Tickets!$G$2:$G$321,A26,Clean_Tickets!$Q$2:$Q$321,"Breached") -> 6 | E26: =IFERROR(C26/(C26+D26),0) -> 0.89473684 | F26: =COUNTIFS(Clean_Tickets!$G$2:$G$321,A26,Clean_Tickets!$R$2:$R$321,"Met") -> 53 | G26: =COUNTIFS(Clean_Tickets!$G$2:$G$321,A26,Clean_Tickets!$R$2:$R$321,"Breached") -> 3 | H26: =COUNTIFS(Clean_Tickets!$G$2:$G$321,A26,Clean_Tickets!$R$2:$R$321,"Pending") -> 1 | I26: =IFERROR(F26/(F26+G26),0) -> 0.94642857 | J26: =IFERROR(SUMIF(Clean_Tickets!$G$2:$G$321,A26,Clean_Tickets!$M$2:$M$321)/COUNTIF(Clean_Tickets!$G$2:$G$321,A26),0) -> 0.95079506 | K26: =IFERROR(SUMIF(Clean_Tickets!$G$2:$G$321,A26,Clean_Tickets!$N$2:$N$321)/(COUNTIFS(Clean_Tickets!$G$2:$G$321,A26,Clean_Tickets!$E$2:$E$321,"Closed")+COUNTIFS(Clean_Tickets!$G$2:$G$321,A26,Clean_Tickets!$E$2:$E$321,"Resolved")),0) -> 5.2940632 | L26: =IFERROR(SUMIF(Clean_Tickets!$G$2:$G$321,A26,Clean_Tickets!$L$2:$L$321)/COUNTIFS(Clean_Tickets!$G$2:$G$321,A26,Clean_Tickets!$L$2:$L$321,">0"),0) -> 4.2321429 | M26: =COUNTIFS(Clean_Tickets!$G$2:$G$321,A26,Clean_Tickets!$K$2:$K$321,"Yes") -> 7
A27: Laptop / Hardware | B27: =COUNTIF(Clean_Tickets!$G$2:$G$321,A27) -> 53 | C27: =COUNTIFS(Clean_Tickets!$G$2:$G$321,A27,Clean_Tickets!$Q$2:$Q$321,"Met") -> 30 | D27: =COUNTIFS(Clean_Tickets!$G$2:$G$321,A27,Clean_Tickets!$Q$2:$Q$321,"Breached") -> 23 | E27: =IFERROR(C27/(C27+D27),0) -> 0.56603774 | F27: =COUNTIFS(Clean_Tickets!$G$2:$G$321,A27,Clean_Tickets!$R$2:$R$321,"Met") -> 29 | G27: =COUNTIFS(Clean_Tickets!$G$2:$G$321,A27,Clean_Tickets!$R$2:$R$321,"Breached") -> 19 | H27: =COUNTIFS(Clean_Tickets!$G$2:$G$321,A27,Clean_Tickets!$R$2:$R$321,"Pending") -> 5 | I27: =IFERROR(F27/(F27+G27),0) -> 0.60416667 | J27: =IFERROR(SUMIF(Clean_Tickets!$G$2:$G$321,A27,Clean_Tickets!$M$2:$M$321)/COUNTIF(Clean_Tickets!$G$2:$G$321,A27),0) -> 4.8761723 | K27: =IFERROR(SUMIF(Clean_Tickets!$G$2:$G$321,A27,Clean_Tickets!$N$2:$N$321)/(COUNTIFS(Clean_Tickets!$G$2:$G$321,A27,Clean_Tickets!$E$2:$E$321,"Closed")+COUNTIFS(Clean_Tickets!$G$2:$G$321,A27,Clean_Tickets!$E$2:$E$321,"Resolved")),0) -> 32.797929 | L27: =IFERROR(SUMIF(Clean_Tickets!$G$2:$G$321,A27,Clean_Tickets!$L$2:$L$321)/COUNTIFS(Clean_Tickets!$G$2:$G$321,A27,Clean_Tickets!$L$2:$L$321,">0"),0) -> 4 | M27: =COUNTIFS(Clean_Tickets!$G$2:$G$321,A27,Clean_Tickets!$K$2:$K$321,"Yes") -> 5
A28: Email / Collaboration | B28: =COUNTIF(Clean_Tickets!$G$2:$G$321,A28) -> 45 | C28: =COUNTIFS(Clean_Tickets!$G$2:$G$321,A28,Clean_Tickets!$Q$2:$Q$321,"Met") -> 39 | D28: =COUNTIFS(Clean_Tickets!$G$2:$G$321,A28,Clean_Tickets!$Q$2:$Q$321,"Breached") -> 6 | E28: =IFERROR(C28/(C28+D28),0) -> 0.86666667 | F28: =COUNTIFS(Clean_Tickets!$G$2:$G$321,A28,Clean_Tickets!$R$2:$R$321,"Met") -> 33 | G28: =COUNTIFS(Clean_Tickets!$G$2:$G$321,A28,Clean_Tickets!$R$2:$R$321,"Breached") -> 9 | H28: =COUNTIFS(Clean_Tickets!$G$2:$G$321,A28,Clean_Tickets!$R$2:$R$321,"Pending") -> 3 | I28: =IFERROR(F28/(F28+G28),0) -> 0.78571429 | J28: =IFERROR(SUMIF(Clean_Tickets!$G$2:$G$321,A28,Clean_Tickets!$M$2:$M$321)/COUNTIF(Clean_Tickets!$G$2:$G$321,A28),0) -> 2.7938542 | K28: =IFERROR(SUMIF(Clean_Tickets!$G$2:$G$321,A28,Clean_Tickets!$N$2:$N$321)/(COUNTIFS(Clean_Tickets!$G$2:$G$321,A28,Clean_Tickets!$E$2:$E$321,"Closed")+COUNTIFS(Clean_Tickets!$G$2:$G$321,A28,Clean_Tickets!$E$2:$E$321,"Resolved")),0) -> 17.377044 | L28: =IFERROR(SUMIF(Clean_Tickets!$G$2:$G$321,A28,Clean_Tickets!$L$2:$L$321)/COUNTIFS(Clean_Tickets!$G$2:$G$321,A28,Clean_Tickets!$L$2:$L$321,">0"),0) -> 4.3095238 | M28: =COUNTIFS(Clean_Tickets!$G$2:$G$321,A28,Clean_Tickets!$K$2:$K$321,"Yes") -> 4
A29: VPN / Network | B29: =COUNTIF(Clean_Tickets!$G$2:$G$321,A29) -> 40 | C29: =COUNTIFS(Clean_Tickets!$G$2:$G$321,A29,Clean_Tickets!$Q$2:$Q$321,"Met") -> 32 | D29: =COUNTIFS(Clean_Tickets!$G$2:$G$321,A29,Clean_Tickets!$Q$2:$Q$321,"Breached") -> 8 | E29: =IFERROR(C29/(C29+D29),0) -> 0.8 | F29: =COUNTIFS(Clean_Tickets!$G$2:$G$321,A29,Clean_Tickets!$R$2:$R$321,"Met") -> 29 | G29: =COUNTIFS(Clean_Tickets!$G$2:$G$321,A29,Clean_Tickets!$R$2:$R$321,"Breached") -> 10 | H29: =COUNTIFS(Clean_Tickets!$G$2:$G$321,A29,Clean_Tickets!$R$2:$R$321,"Pending") -> 1 | I29: =IFERROR(F29/(F29+G29),0) -> 0.74358974 | J29: =IFERROR(SUMIF(Clean_Tickets!$G$2:$G$321,A29,Clean_Tickets!$M$2:$M$321)/COUNTIF(Clean_Tickets!$G$2:$G$321,A29),0) -> 1.5432488 | K29: =IFERROR(SUMIF(Clean_Tickets!$G$2:$G$321,A29,Clean_Tickets!$N$2:$N$321)/(COUNTIFS(Clean_Tickets!$G$2:$G$321,A29,Clean_Tickets!$E$2:$E$321,"Closed")+COUNTIFS(Clean_Tickets!$G$2:$G$321,A29,Clean_Tickets!$E$2:$E$321,"Resolved")),0) -> 11.624127 | L29: =IFERROR(SUMIF(Clean_Tickets!$G$2:$G$321,A29,Clean_Tickets!$L$2:$L$321)/COUNTIFS(Clean_Tickets!$G$2:$G$321,A29,Clean_Tickets!$L$2:$L$321,">0"),0) -> 4.2307692 | M29: =COUNTIFS(Clean_Tickets!$G$2:$G$321,A29,Clean_Tickets!$K$2:$K$321,"Yes") -> 3
A30: ERP / Finance App | B30: =COUNTIF(Clean_Tickets!$G$2:$G$321,A30) -> 36 | C30: =COUNTIFS(Clean_Tickets!$G$2:$G$321,A30,Clean_Tickets!$Q$2:$Q$321,"Met") -> 23 | D30: =COUNTIFS(Clean_Tickets!$G$2:$G$321,A30,Clean_Tickets!$Q$2:$Q$321,"Breached") -> 13 | E30: =IFERROR(C30/(C30+D30),0) -> 0.63888889 | F30: =COUNTIFS(Clean_Tickets!$G$2:$G$321,A30,Clean_Tickets!$R$2:$R$321,"Met") -> 20 | G30: =COUNTIFS(Clean_Tickets!$G$2:$G$321,A30,Clean_Tickets!$R$2:$R$321,"Breached") -> 15 | H30: =COUNTIFS(Clean_Tickets!$G$2:$G$321,A30,Clean_Tickets!$R$2:$R$321,"Pending") -> 1 | I30: =IFERROR(F30/(F30+G30),0) -> 0.57142857 | J30: =IFERROR(SUMIF(Clean_Tickets!$G$2:$G$321,A30,Clean_Tickets!$M$2:$M$321)/COUNTIF(Clean_Tickets!$G$2:$G$321,A30),0) -> 2.8171476 | K30: =IFERROR(SUMIF(Clean_Tickets!$G$2:$G$321,A30,Clean_Tickets!$N$2:$N$321)/(COUNTIFS(Clean_Tickets!$G$2:$G$321,A30,Clean_Tickets!$E$2:$E$321,"Closed")+COUNTIFS(Clean_Tickets!$G$2:$G$321,A30,Clean_Tickets!$E$2:$E$321,"Resolved")),0) -> 19.518492 | L30: =IFERROR(SUMIF(Clean_Tickets!$G$2:$G$321,A30,Clean_Tickets!$L$2:$L$321)/COUNTIFS(Clean_Tickets!$G$2:$G$321,A30,Clean_Tickets!$L$2:$L$321,">0"),0) -> 4.1142857 | M30: =COUNTIFS(Clean_Tickets!$G$2:$G$321,A30,Clean_Tickets!$K$2:$K$321,"Yes") -> 6
A31: CRM / Sales App | B31: =COUNTIF(Clean_Tickets!$G$2:$G$321,A31) -> 35 | C31: =COUNTIFS(Clean_Tickets!$G$2:$G$321,A31,Clean_Tickets!$Q$2:$Q$321,"Met") -> 24 | D31: =COUNTIFS(Clean_Tickets!$G$2:$G$321,A31,Clean_Tickets!$Q$2:$Q$321,"Breached") -> 11 | E31: =IFERROR(C31/(C31+D31),0) -> 0.68571429 | F31: =COUNTIFS(Clean_Tickets!$G$2:$G$321,A31,Clean_Tickets!$R$2:$R$321,"Met") -> 16 | G31: =COUNTIFS(Clean_Tickets!$G$2:$G$321,A31,Clean_Tickets!$R$2:$R$321,"Breached") -> 16 | H31: =COUNTIFS(Clean_Tickets!$G$2:$G$321,A31,Clean_Tickets!$R$2:$R$321,"Pending") -> 3 | I31: =IFERROR(F31/(F31+G31),0) -> 0.5 | J31: =IFERROR(SUMIF(Clean_Tickets!$G$2:$G$321,A31,Clean_Tickets!$M$2:$M$321)/COUNTIF(Clean_Tickets!$G$2:$G$321,A31),0) -> 3.2866832 | K31: =IFERROR(SUMIF(Clean_Tickets!$G$2:$G$321,A31,Clean_Tickets!$N$2:$N$321)/(COUNTIFS(Clean_Tickets!$G$2:$G$321,A31,Clean_Tickets!$E$2:$E$321,"Closed")+COUNTIFS(Clean_Tickets!$G$2:$G$321,A31,Clean_Tickets!$E$2:$E$321,"Resolved")),0) -> 23.949574 | L31: =IFERROR(SUMIF(Clean_Tickets!$G$2:$G$321,A31,Clean_Tickets!$L$2:$L$321)/COUNTIFS(Clean_Tickets!$G$2:$G$321,A31,Clean_Tickets!$L$2:$L$321,">0"),0) -> 3.96875 | M31: =COUNTIFS(Clean_Tickets!$G$2:$G$321,A31,Clean_Tickets!$K$2:$K$321,"Yes") -> 2
A32: Server / Connectivity | B32: =COUNTIF(Clean_Tickets!$G$2:$G$321,A32) -> 34 | C32: =COUNTIFS(Clean_Tickets!$G$2:$G$321,A32,Clean_Tickets!$Q$2:$Q$321,"Met") -> 22 | D32: =COUNTIFS(Clean_Tickets!$G$2:$G$321,A32,Clean_Tickets!$Q$2:$Q$321,"Breached") -> 12 | E32: =IFERROR(C32/(C32+D32),0) -> 0.64705882 | F32: =COUNTIFS(Clean_Tickets!$G$2:$G$321,A32,Clean_Tickets!$R$2:$R$321,"Met") -> 15 | G32: =COUNTIFS(Clean_Tickets!$G$2:$G$321,A32,Clean_Tickets!$R$2:$R$321,"Breached") -> 17 | H32: =COUNTIFS(Clean_Tickets!$G$2:$G$321,A32,Clean_Tickets!$R$2:$R$321,"Pending") -> 2 | I32: =IFERROR(F32/(F32+G32),0) -> 0.46875 | J32: =IFERROR(SUMIF(Clean_Tickets!$G$2:$G$321,A32,Clean_Tickets!$M$2:$M$321)/COUNTIF(Clean_Tickets!$G$2:$G$321,A32),0) -> 2.0048028 | K32: =IFERROR(SUMIF(Clean_Tickets!$G$2:$G$321,A32,Clean_Tickets!$N$2:$N$321)/(COUNTIFS(Clean_Tickets!$G$2:$G$321,A32,Clean_Tickets!$E$2:$E$321,"Closed")+COUNTIFS(Clean_Tickets!$G$2:$G$321,A32,Clean_Tickets!$E$2:$E$321,"Resolved")),0) -> 18.919003 | L32: =IFERROR(SUMIF(Clean_Tickets!$G$2:$G$321,A32,Clean_Tickets!$L$2:$L$321)/COUNTIFS(Clean_Tickets!$G$2:$G$321,A32,Clean_Tickets!$L$2:$L$321,">0"),0) -> 3.71875 | M32: =COUNTIFS(Clean_Tickets!$G$2:$G$321,A32,Clean_Tickets!$K$2:$K$321,"Yes") -> 6
A33: Printer / Peripheral | B33: =COUNTIF(Clean_Tickets!$G$2:$G$321,A33) -> 20 | C33: =COUNTIFS(Clean_Tickets!$G$2:$G$321,A33,Clean_Tickets!$Q$2:$Q$321,"Met") -> 19 | D33: =COUNTIFS(Clean_Tickets!$G$2:$G$321,A33,Clean_Tickets!$Q$2:$Q$321,"Breached") -> 1 | E33: =IFERROR(C33/(C33+D33),0) -> 0.95 | F33: =COUNTIFS(Clean_Tickets!$G$2:$G$321,A33,Clean_Tickets!$R$2:$R$321,"Met") -> 18 | G33: =COUNTIFS(Clean_Tickets!$G$2:$G$321,A33,Clean_Tickets!$R$2:$R$321,"Breached") -> 2 | H33: =COUNTIFS(Clean_Tickets!$G$2:$G$321,A33,Clean_Tickets!$R$2:$R$321,"Pending") -> 0 | I33: =IFERROR(F33/(F33+G33),0) -> 0.9 | J33: =IFERROR(SUMIF(Clean_Tickets!$G$2:$G$321,A33,Clean_Tickets!$M$2:$M$321)/COUNTIF(Clean_Tickets!$G$2:$G$321,A33),0) -> 3.000874 | K33: =IFERROR(SUMIF(Clean_Tickets!$G$2:$G$321,A33,Clean_Tickets!$N$2:$N$321)/(COUNTIFS(Clean_Tickets!$G$2:$G$321,A33,Clean_Tickets!$E$2:$E$321,"Closed")+COUNTIFS(Clean_Tickets!$G$2:$G$321,A33,Clean_Tickets!$E$2:$E$321,"Resolved")),0) -> 19.807022 | L33: =IFERROR(SUMIF(Clean_Tickets!$G$2:$G$321,A33,Clean_Tickets!$L$2:$L$321)/COUNTIFS(Clean_Tickets!$G$2:$G$321,A33,Clean_Tickets!$L$2:$L$321,">0"),0) -> 4.25 | M33: =COUNTIFS(Clean_Tickets!$G$2:$G$321,A33,Clean_Tickets!$K$2:$K$321,"Yes") -> 3
A36: Department Analysis
A37: Group | B37: Tickets | C37: Resp Met | D37: Resp Breached | E37: Resp SLA % | F37: Res Met | G37: Res Breached | H37: Res Pending | I37: Res SLA % | J37: Avg Resp Hrs | K37: Avg Res Hrs | L37: Avg CSAT | M37: Reopened
A38: Operations | B38: =COUNTIF(Clean_Tickets!$H$2:$H$321,A38) -> 50 | C38: =COUNTIFS(Clean_Tickets!$H$2:$H$321,A38,Clean_Tickets!$Q$2:$Q$321,"Met") -> 38 | D38: =COUNTIFS(Clean_Tickets!$H$2:$H$321,A38,Clean_Tickets!$Q$2:$Q$321,"Breached") -> 12 | E38: =IFERROR(C38/(C38+D38),0) -> 0.76 | F38: =COUNTIFS(Clean_Tickets!$H$2:$H$321,A38,Clean_Tickets!$R$2:$R$321,"Met") -> 44 | G38: =COUNTIFS(Clean_Tickets!$H$2:$H$321,A38,Clean_Tickets!$R$2:$R$321,"Breached") -> 5 | H38: =COUNTIFS(Clean_Tickets!$H$2:$H$321,A38,Clean_Tickets!$R$2:$R$321,"Pending") -> 1 | I38: =IFERROR(F38/(F38+G38),0) -> 0.89795918 | J38: =IFERROR(SUMIF(Clean_Tickets!$H$2:$H$321,A38,Clean_Tickets!$M$2:$M$321)/COUNTIF(Clean_Tickets!$H$2:$H$321,A38),0) -> 1.9244818 | K38: =IFERROR(SUMIF(Clean_Tickets!$H$2:$H$321,A38,Clean_Tickets!$N$2:$N$321)/(COUNTIFS(Clean_Tickets!$H$2:$H$321,A38,Clean_Tickets!$E$2:$E$321,"Closed")+COUNTIFS(Clean_Tickets!$H$2:$H$321,A38,Clean_Tickets!$E$2:$E$321,"Resolved")),0) -> 9.8149538 | L38: =IFERROR(SUMIF(Clean_Tickets!$H$2:$H$321,A38,Clean_Tickets!$L$2:$L$321)/COUNTIFS(Clean_Tickets!$H$2:$H$321,A38,Clean_Tickets!$L$2:$L$321,">0"),0) -> 4.1632653 | M38: =COUNTIFS(Clean_Tickets!$H$2:$H$321,A38,Clean_Tickets!$K$2:$K$321,"Yes") -> 7
A39: Sales | B39: =COUNTIF(Clean_Tickets!$H$2:$H$321,A39) -> 44 | C39: =COUNTIFS(Clean_Tickets!$H$2:$H$321,A39,Clean_Tickets!$Q$2:$Q$321,"Met") -> 34 | D39: =COUNTIFS(Clean_Tickets!$H$2:$H$321,A39,Clean_Tickets!$Q$2:$Q$321,"Breached") -> 10 | E39: =IFERROR(C39/(C39+D39),0) -> 0.77272727 | F39: =COUNTIFS(Clean_Tickets!$H$2:$H$321,A39,Clean_Tickets!$R$2:$R$321,"Met") -> 28 | G39: =COUNTIFS(Clean_Tickets!$H$2:$H$321,A39,Clean_Tickets!$R$2:$R$321,"Breached") -> 14 | H39: =COUNTIFS(Clean_Tickets!$H$2:$H$321,A39,Clean_Tickets!$R$2:$R$321,"Pending") -> 2 | I39: =IFERROR(F39/(F39+G39),0) -> 0.66666667 | J39: =IFERROR(SUMIF(Clean_Tickets!$H$2:$H$321,A39,Clean_Tickets!$M$2:$M$321)/COUNTIF(Clean_Tickets!$H$2:$H$321,A39),0) -> 2.5184563 | K39: =IFERROR(SUMIF(Clean_Tickets!$H$2:$H$321,A39,Clean_Tickets!$N$2:$N$321)/(COUNTIFS(Clean_Tickets!$H$2:$H$321,A39,Clean_Tickets!$E$2:$E$321,"Closed")+COUNTIFS(Clean_Tickets!$H$2:$H$321,A39,Clean_Tickets!$E$2:$E$321,"Resolved")),0) -> 15.826176 | L39: =IFERROR(SUMIF(Clean_Tickets!$H$2:$H$321,A39,Clean_Tickets!$L$2:$L$321)/COUNTIFS(Clean_Tickets!$H$2:$H$321,A39,Clean_Tickets!$L$2:$L$321,">0"),0) -> 4.1190476 | M39: =COUNTIFS(Clean_Tickets!$H$2:$H$321,A39,Clean_Tickets!$K$2:$K$321,"Yes") -> 9
A40: Engineering | B40: =COUNTIF(Clean_Tickets!$H$2:$H$321,A40) -> 43 | C40: =COUNTIFS(Clean_Tickets!$H$2:$H$321,A40,Clean_Tickets!$Q$2:$Q$321,"Met") -> 30 | D40: =COUNTIFS(Clean_Tickets!$H$2:$H$321,A40,Clean_Tickets!$Q$2:$Q$321,"Breached") -> 13 | E40: =IFERROR(C40/(C40+D40),0) -> 0.69767442 | F40: =COUNTIFS(Clean_Tickets!$H$2:$H$321,A40,Clean_Tickets!$R$2:$R$321,"Met") -> 30 | G40: =COUNTIFS(Clean_Tickets!$H$2:$H$321,A40,Clean_Tickets!$R$2:$R$321,"Breached") -> 11 | H40: =COUNTIFS(Clean_Tickets!$H$2:$H$321,A40,Clean_Tickets!$R$2:$R$321,"Pending") -> 2 | I40: =IFERROR(F40/(F40+G40),0) -> 0.73170732 | J40: =IFERROR(SUMIF(Clean_Tickets!$H$2:$H$321,A40,Clean_Tickets!$M$2:$M$321)/COUNTIF(Clean_Tickets!$H$2:$H$321,A40),0) -> 2.7237099 | K40: =IFERROR(SUMIF(Clean_Tickets!$H$2:$H$321,A40,Clean_Tickets!$N$2:$N$321)/(COUNTIFS(Clean_Tickets!$H$2:$H$321,A40,Clean_Tickets!$E$2:$E$321,"Closed")+COUNTIFS(Clean_Tickets!$H$2:$H$321,A40,Clean_Tickets!$E$2:$E$321,"Resolved")),0) -> 18.142328 | L40: =IFERROR(SUMIF(Clean_Tickets!$H$2:$H$321,A40,Clean_Tickets!$L$2:$L$321)/COUNTIFS(Clean_Tickets!$H$2:$H$321,A40,Clean_Tickets!$L$2:$L$321,">0"),0) -> 4.1463415 | M40: =COUNTIFS(Clean_Tickets!$H$2:$H$321,A40,Clean_Tickets!$K$2:$K$321,"Yes") -> 5
A41: Finance | B41: =COUNTIF(Clean_Tickets!$H$2:$H$321,A41) -> 40 | C41: =COUNTIFS(Clean_Tickets!$H$2:$H$321,A41,Clean_Tickets!$Q$2:$Q$321,"Met") -> 31 | D41: =COUNTIFS(Clean_Tickets!$H$2:$H$321,A41,Clean_Tickets!$Q$2:$Q$321,"Breached") -> 9 | E41: =IFERROR(C41/(C41+D41),0) -> 0.775 | F41: =COUNTIFS(Clean_Tickets!$H$2:$H$321,A41,Clean_Tickets!$R$2:$R$321,"Met") -> 24 | G41: =COUNTIFS(Clean_Tickets!$H$2:$H$321,A41,Clean_Tickets!$R$2:$R$321,"Breached") -> 14 | H41: =COUNTIFS(Clean_Tickets!$H$2:$H$321,A41,Clean_Tickets!$R$2:$R$321,"Pending") -> 2 | I41: =IFERROR(F41/(F41+G41),0) -> 0.63157895 | J41: =IFERROR(SUMIF(Clean_Tickets!$H$2:$H$321,A41,Clean_Tickets!$M$2:$M$321)/COUNTIF(Clean_Tickets!$H$2:$H$321,A41),0) -> 2.869015 | K41: =IFERROR(SUMIF(Clean_Tickets!$H$2:$H$321,A41,Clean_Tickets!$N$2:$N$321)/(COUNTIFS(Clean_Tickets!$H$2:$H$321,A41,Clean_Tickets!$E$2:$E$321,"Closed")+COUNTIFS(Clean_Tickets!$H$2:$H$321,A41,Clean_Tickets!$E$2:$E$321,"Resolved")),0) -> 23.639628 | L41: =IFERROR(SUMIF(Clean_Tickets!$H$2:$H$321,A41,Clean_Tickets!$L$2:$L$321)/COUNTIFS(Clean_Tickets!$H$2:$H$321,A41,Clean_Tickets!$L$2:$L$321,">0"),0) -> 3.8421053 | M41: =COUNTIFS(Clean_Tickets!$H$2:$H$321,A41,Clean_Tickets!$K$2:$K$321,"Yes") -> 0
A42: Product | B42: =COUNTIF(Clean_Tickets!$H$2:$H$321,A42) -> 38 | C42: =COUNTIFS(Clean_Tickets!$H$2:$H$321,A42,Clean_Tickets!$Q$2:$Q$321,"Met") -> 30 | D42: =COUNTIFS(Clean_Tickets!$H$2:$H$321,A42,Clean_Tickets!$Q$2:$Q$321,"Breached") -> 8 | E42: =IFERROR(C42/(C42+D42),0) -> 0.78947368 | F42: =COUNTIFS(Clean_Tickets!$H$2:$H$321,A42,Clean_Tickets!$R$2:$R$321,"Met") -> 23 | G42: =COUNTIFS(Clean_Tickets!$H$2:$H$321,A42,Clean_Tickets!$R$2:$R$321,"Breached") -> 10 | H42: =COUNTIFS(Clean_Tickets!$H$2:$H$321,A42,Clean_Tickets!$R$2:$R$321,"Pending") -> 5 | I42: =IFERROR(F42/(F42+G42),0) -> 0.6969697 | J42: =IFERROR(SUMIF(Clean_Tickets!$H$2:$H$321,A42,Clean_Tickets!$M$2:$M$321)/COUNTIF(Clean_Tickets!$H$2:$H$321,A42),0) -> 2.1607621 | K42: =IFERROR(SUMIF(Clean_Tickets!$H$2:$H$321,A42,Clean_Tickets!$N$2:$N$321)/(COUNTIFS(Clean_Tickets!$H$2:$H$321,A42,Clean_Tickets!$E$2:$E$321,"Closed")+COUNTIFS(Clean_Tickets!$H$2:$H$321,A42,Clean_Tickets!$E$2:$E$321,"Resolved")),0) -> 13.609958 | L42: =IFERROR(SUMIF(Clean_Tickets!$H$2:$H$321,A42,Clean_Tickets!$L$2:$L$321)/COUNTIFS(Clean_Tickets!$H$2:$H$321,A42,Clean_Tickets!$L$2:$L$321,">0"),0) -> 4.1818182 | M42: =COUNTIFS(Clean_Tickets!$H$2:$H$321,A42,Clean_Tickets!$K$2:$K$321,"Yes") -> 2
A43: Marketing | B43: =COUNTIF(Clean_Tickets!$H$2:$H$321,A43) -> 37 | C43: =COUNTIFS(Clean_Tickets!$H$2:$H$321,A43,Clean_Tickets!$Q$2:$Q$321,"Met") -> 26 | D43: =COUNTIFS(Clean_Tickets!$H$2:$H$321,A43,Clean_Tickets!$Q$2:$Q$321,"Breached") -> 11 | E43: =IFERROR(C43/(C43+D43),0) -> 0.7027027 | F43: =COUNTIFS(Clean_Tickets!$H$2:$H$321,A43,Clean_Tickets!$R$2:$R$321,"Met") -> 21 | G43: =COUNTIFS(Clean_Tickets!$H$2:$H$321,A43,Clean_Tickets!$R$2:$R$321,"Breached") -> 14 | H43: =COUNTIFS(Clean_Tickets!$H$2:$H$321,A43,Clean_Tickets!$R$2:$R$321,"Pending") -> 2 | I43: =IFERROR(F43/(F43+G43),0) -> 0.6 | J43: =IFERROR(SUMIF(Clean_Tickets!$H$2:$H$321,A43,Clean_Tickets!$M$2:$M$321)/COUNTIF(Clean_Tickets!$H$2:$H$321,A43),0) -> 3.721311 | K43: =IFERROR(SUMIF(Clean_Tickets!$H$2:$H$321,A43,Clean_Tickets!$N$2:$N$321)/(COUNTIFS(Clean_Tickets!$H$2:$H$321,A43,Clean_Tickets!$E$2:$E$321,"Closed")+COUNTIFS(Clean_Tickets!$H$2:$H$321,A43,Clean_Tickets!$E$2:$E$321,"Resolved")),0) -> 26.097594 | L43: =IFERROR(SUMIF(Clean_Tickets!$H$2:$H$321,A43,Clean_Tickets!$L$2:$L$321)/COUNTIFS(Clean_Tickets!$H$2:$H$321,A43,Clean_Tickets!$L$2:$L$321,">0"),0) -> 4.1428571 | M43: =COUNTIFS(Clean_Tickets!$H$2:$H$321,A43,Clean_Tickets!$K$2:$K$321,"Yes") -> 2
A44: Human Resources | B44: =COUNTIF(Clean_Tickets!$H$2:$H$321,A44) -> 37 | C44: =COUNTIFS(Clean_Tickets!$H$2:$H$321,A44,Clean_Tickets!$Q$2:$Q$321,"Met") -> 30 | D44: =COUNTIFS(Clean_Tickets!$H$2:$H$321,A44,Clean_Tickets!$Q$2:$Q$321,"Breached") -> 7 | E44: =IFERROR(C44/(C44+D44),0) -> 0.81081081 | F44: =COUNTIFS(Clean_Tickets!$H$2:$H$321,A44,Clean_Tickets!$R$2:$R$321,"Met") -> 25 | G44: =COUNTIFS(Clean_Tickets!$H$2:$H$321,A44,Clean_Tickets!$R$2:$R$321,"Breached") -> 10 | H44: =COUNTIFS(Clean_Tickets!$H$2:$H$321,A44,Clean_Tickets!$R$2:$R$321,"Pending") -> 2 | I44: =IFERROR(F44/(F44+G44),0) -> 0.71428571 | J44: =IFERROR(SUMIF(Clean_Tickets!$H$2:$H$321,A44,Clean_Tickets!$M$2:$M$321)/COUNTIF(Clean_Tickets!$H$2:$H$321,A44),0) -> 2.6554537 | K44: =IFERROR(SUMIF(Clean_Tickets!$H$2:$H$321,A44,Clean_Tickets!$N$2:$N$321)/(COUNTIFS(Clean_Tickets!$H$2:$H$321,A44,Clean_Tickets!$E$2:$E$321,"Closed")+COUNTIFS(Clean_Tickets!$H$2:$H$321,A44,Clean_Tickets!$E$2:$E$321,"Resolved")),0) -> 22.037193 | L44: =IFERROR(SUMIF(Clean_Tickets!$H$2:$H$321,A44,Clean_Tickets!$L$2:$L$321)/COUNTIFS(Clean_Tickets!$H$2:$H$321,A44,Clean_Tickets!$L$2:$L$321,">0"),0) -> 4.2571429 | M44: =COUNTIFS(Clean_Tickets!$H$2:$H$321,A44,Clean_Tickets!$K$2:$K$321,"Yes") -> 6
A45: Legal | B45: =COUNTIF(Clean_Tickets!$H$2:$H$321,A45) -> 31 | C45: =COUNTIFS(Clean_Tickets!$H$2:$H$321,A45,Clean_Tickets!$Q$2:$Q$321,"Met") -> 21 | D45: =COUNTIFS(Clean_Tickets!$H$2:$H$321,A45,Clean_Tickets!$Q$2:$Q$321,"Breached") -> 10 | E45: =IFERROR(C45/(C45+D45),0) -> 0.67741935 | F45: =COUNTIFS(Clean_Tickets!$H$2:$H$321,A45,Clean_Tickets!$R$2:$R$321,"Met") -> 18 | G45: =COUNTIFS(Clean_Tickets!$H$2:$H$321,A45,Clean_Tickets!$R$2:$R$321,"Breached") -> 13 | H45: =COUNTIFS(Clean_Tickets!$H$2:$H$321,A45,Clean_Tickets!$R$2:$R$321,"Pending") -> 0 | I45: =IFERROR(F45/(F45+G45),0) -> 0.58064516 | J45: =IFERROR(SUMIF(Clean_Tickets!$H$2:$H$321,A45,Clean_Tickets!$M$2:$M$321)/COUNTIF(Clean_Tickets!$H$2:$H$321,A45),0) -> 2.8307193 | K45: =IFERROR(SUMIF(Clean_Tickets!$H$2:$H$321,A45,Clean_Tickets!$N$2:$N$321)/(COUNTIFS(Clean_Tickets!$H$2:$H$321,A45,Clean_Tickets!$E$2:$E$321,"Closed")+COUNTIFS(Clean_Tickets!$H$2:$H$321,A45,Clean_Tickets!$E$2:$E$321,"Resolved")),0) -> 18.819595 | L45: =IFERROR(SUMIF(Clean_Tickets!$H$2:$H$321,A45,Clean_Tickets!$L$2:$L$321)/COUNTIFS(Clean_Tickets!$H$2:$H$321,A45,Clean_Tickets!$L$2:$L$321,">0"),0) -> 4.0322581 | M45: =COUNTIFS(Clean_Tickets!$H$2:$H$321,A45,Clean_Tickets!$K$2:$K$321,"Yes") -> 5
A48: Support Team Analysis
A49: Group | B49: Tickets | C49: Resp Met | D49: Resp Breached | E49: Resp SLA % | F49: Res Met | G49: Res Breached | H49: Res Pending | I49: Res SLA % | J49: Avg Resp Hrs | K49: Avg Res Hrs | L49: Avg CSAT | M49: Reopened
A50: Workplace Support | B50: =COUNTIF(Clean_Tickets!$T$2:$T$321,A50) -> 118 | C50: =COUNTIFS(Clean_Tickets!$T$2:$T$321,A50,Clean_Tickets!$Q$2:$Q$321,"Met") -> 88 | D50: =COUNTIFS(Clean_Tickets!$T$2:$T$321,A50,Clean_Tickets!$Q$2:$Q$321,"Breached") -> 30 | E50: =IFERROR(C50/(C50+D50),0) -> 0.74576271 | F50: =COUNTIFS(Clean_Tickets!$T$2:$T$321,A50,Clean_Tickets!$R$2:$R$321,"Met") -> 80 | G50: =COUNTIFS(Clean_Tickets!$T$2:$T$321,A50,Clean_Tickets!$R$2:$R$321,"Breached") -> 30 | H50: =COUNTIFS(Clean_Tickets!$T$2:$T$321,A50,Clean_Tickets!$R$2:$R$321,"Pending") -> 8 | I50: =IFERROR(F50/(F50+G50),0) -> 0.72727273 | J50: =IFERROR(SUMIF(Clean_Tickets!$T$2:$T$321,A50,Clean_Tickets!$M$2:$M$321)/COUNTIF(Clean_Tickets!$T$2:$T$321,A50),0) -> 3.7642208 | K50: =IFERROR(SUMIF(Clean_Tickets!$T$2:$T$321,A50,Clean_Tickets!$N$2:$N$321)/(COUNTIFS(Clean_Tickets!$T$2:$T$321,A50,Clean_Tickets!$E$2:$E$321,"Closed")+COUNTIFS(Clean_Tickets!$T$2:$T$321,A50,Clean_Tickets!$E$2:$E$321,"Resolved")),0) -> 24.547972 | L50: =IFERROR(SUMIF(Clean_Tickets!$T$2:$T$321,A50,Clean_Tickets!$L$2:$L$321)/COUNTIFS(Clean_Tickets!$T$2:$T$321,A50,Clean_Tickets!$L$2:$L$321,">0"),0) -> 4.1636364 | M50: =COUNTIFS(Clean_Tickets!$T$2:$T$321,A50,Clean_Tickets!$K$2:$K$321,"Yes") -> 12
A51: Network & Infra | B51: =COUNTIF(Clean_Tickets!$T$2:$T$321,A51) -> 74 | C51: =COUNTIFS(Clean_Tickets!$T$2:$T$321,A51,Clean_Tickets!$Q$2:$Q$321,"Met") -> 54 | D51: =COUNTIFS(Clean_Tickets!$T$2:$T$321,A51,Clean_Tickets!$Q$2:$Q$321,"Breached") -> 20 | E51: =IFERROR(C51/(C51+D51),0) -> 0.72972973 | F51: =COUNTIFS(Clean_Tickets!$T$2:$T$321,A51,Clean_Tickets!$R$2:$R$321,"Met") -> 44 | G51: =COUNTIFS(Clean_Tickets!$T$2:$T$321,A51,Clean_Tickets!$R$2:$R$321,"Breached") -> 27 | H51: =COUNTIFS(Clean_Tickets!$T$2:$T$321,A51,Clean_Tickets!$R$2:$R$321,"Pending") -> 3 | I51: =IFERROR(F51/(F51+G51),0) -> 0.61971831 | J51: =IFERROR(SUMIF(Clean_Tickets!$T$2:$T$321,A51,Clean_Tickets!$M$2:$M$321)/COUNTIF(Clean_Tickets!$T$2:$T$321,A51),0) -> 1.7553141 | K51: =IFERROR(SUMIF(Clean_Tickets!$T$2:$T$321,A51,Clean_Tickets!$N$2:$N$321)/(COUNTIFS(Clean_Tickets!$T$2:$T$321,A51,Clean_Tickets!$E$2:$E$321,"Closed")+COUNTIFS(Clean_Tickets!$T$2:$T$321,A51,Clean_Tickets!$E$2:$E$321,"Resolved")),0) -> 14.911958 | L51: =IFERROR(SUMIF(Clean_Tickets!$T$2:$T$321,A51,Clean_Tickets!$L$2:$L$321)/COUNTIFS(Clean_Tickets!$T$2:$T$321,A51,Clean_Tickets!$L$2:$L$321,">0"),0) -> 4 | M51: =COUNTIFS(Clean_Tickets!$T$2:$T$321,A51,Clean_Tickets!$K$2:$K$321,"Yes") -> 9
A52: Business Apps | B52: =COUNTIF(Clean_Tickets!$T$2:$T$321,A52) -> 71 | C52: =COUNTIFS(Clean_Tickets!$T$2:$T$321,A52,Clean_Tickets!$Q$2:$Q$321,"Met") -> 47 | D52: =COUNTIFS(Clean_Tickets!$T$2:$T$321,A52,Clean_Tickets!$Q$2:$Q$321,"Breached") -> 24 | E52: =IFERROR(C52/(C52+D52),0) -> 0.66197183 | F52: =COUNTIFS(Clean_Tickets!$T$2:$T$321,A52,Clean_Tickets!$R$2:$R$321,"Met") -> 36 | G52: =COUNTIFS(Clean_Tickets!$T$2:$T$321,A52,Clean_Tickets!$R$2:$R$321,"Breached") -> 31 | H52: =COUNTIFS(Clean_Tickets!$T$2:$T$321,A52,Clean_Tickets!$R$2:$R$321,"Pending") -> 4 | I52: =IFERROR(F52/(F52+G52),0) -> 0.53731343 | J52: =IFERROR(SUMIF(Clean_Tickets!$T$2:$T$321,A52,Clean_Tickets!$M$2:$M$321)/COUNTIF(Clean_Tickets!$T$2:$T$321,A52),0) -> 3.0486088 | K52: =IFERROR(SUMIF(Clean_Tickets!$T$2:$T$321,A52,Clean_Tickets!$N$2:$N$321)/(COUNTIFS(Clean_Tickets!$T$2:$T$321,A52,Clean_Tickets!$E$2:$E$321,"Closed")+COUNTIFS(Clean_Tickets!$T$2:$T$321,A52,Clean_Tickets!$E$2:$E$321,"Resolved")),0) -> 21.63483 | L52: =IFERROR(SUMIF(Clean_Tickets!$T$2:$T$321,A52,Clean_Tickets!$L$2:$L$321)/COUNTIFS(Clean_Tickets!$T$2:$T$321,A52,Clean_Tickets!$L$2:$L$321,">0"),0) -> 4.0447761 | M52: =COUNTIFS(Clean_Tickets!$T$2:$T$321,A52,Clean_Tickets!$K$2:$K$321,"Yes") -> 8
A53: Identity & Access | B53: =COUNTIF(Clean_Tickets!$T$2:$T$321,A53) -> 57 | C53: =COUNTIFS(Clean_Tickets!$T$2:$T$321,A53,Clean_Tickets!$Q$2:$Q$321,"Met") -> 51 | D53: =COUNTIFS(Clean_Tickets!$T$2:$T$321,A53,Clean_Tickets!$Q$2:$Q$321,"Breached") -> 6 | E53: =IFERROR(C53/(C53+D53),0) -> 0.89473684 | F53: =COUNTIFS(Clean_Tickets!$T$2:$T$321,A53,Clean_Tickets!$R$2:$R$321,"Met") -> 53 | G53: =COUNTIFS(Clean_Tickets!$T$2:$T$321,A53,Clean_Tickets!$R$2:$R$321,"Breached") -> 3 | H53: =COUNTIFS(Clean_Tickets!$T$2:$T$321,A53,Clean_Tickets!$R$2:$R$321,"Pending") -> 1 | I53: =IFERROR(F53/(F53+G53),0) -> 0.94642857 | J53: =IFERROR(SUMIF(Clean_Tickets!$T$2:$T$321,A53,Clean_Tickets!$M$2:$M$321)/COUNTIF(Clean_Tickets!$T$2:$T$321,A53),0) -> 0.95079506 | K53: =IFERROR(SUMIF(Clean_Tickets!$T$2:$T$321,A53,Clean_Tickets!$N$2:$N$321)/(COUNTIFS(Clean_Tickets!$T$2:$T$321,A53,Clean_Tickets!$E$2:$E$321,"Closed")+COUNTIFS(Clean_Tickets!$T$2:$T$321,A53,Clean_Tickets!$E$2:$E$321,"Resolved")),0) -> 5.2940632 | L53: =IFERROR(SUMIF(Clean_Tickets!$T$2:$T$321,A53,Clean_Tickets!$L$2:$L$321)/COUNTIFS(Clean_Tickets!$T$2:$T$321,A53,Clean_Tickets!$L$2:$L$321,">0"),0) -> 4.2321429 | M53: =COUNTIFS(Clean_Tickets!$T$2:$T$321,A53,Clean_Tickets!$K$2:$K$321,"Yes") -> 7
A56: Channel Analysis
A57: Group | B57: Tickets | C57: Resp Met | D57: Resp Breached | E57: Resp SLA % | F57: Res Met | G57: Res Breached | H57: Res Pending | I57: Res SLA % | J57: Avg Resp Hrs | K57: Avg Res Hrs | L57: Avg CSAT | M57: Reopened
A58: Portal | B58: =COUNTIF(Clean_Tickets!$I$2:$I$321,A58) -> 150 | C58: =COUNTIFS(Clean_Tickets!$I$2:$I$321,A58,Clean_Tickets!$Q$2:$Q$321,"Met") -> 114 | D58: =COUNTIFS(Clean_Tickets!$I$2:$I$321,A58,Clean_Tickets!$Q$2:$Q$321,"Breached") -> 36 | E58: =IFERROR(C58/(C58+D58),0) -> 0.76 | F58: =COUNTIFS(Clean_Tickets!$I$2:$I$321,A58,Clean_Tickets!$R$2:$R$321,"Met") -> 101 | G58: =COUNTIFS(Clean_Tickets!$I$2:$I$321,A58,Clean_Tickets!$R$2:$R$321,"Breached") -> 43 | H58: =COUNTIFS(Clean_Tickets!$I$2:$I$321,A58,Clean_Tickets!$R$2:$R$321,"Pending") -> 6 | I58: =IFERROR(F58/(F58+G58),0) -> 0.70138889 | J58: =IFERROR(SUMIF(Clean_Tickets!$I$2:$I$321,A58,Clean_Tickets!$M$2:$M$321)/COUNTIF(Clean_Tickets!$I$2:$I$321,A58),0) -> 2.7326901 | K58: =IFERROR(SUMIF(Clean_Tickets!$I$2:$I$321,A58,Clean_Tickets!$N$2:$N$321)/(COUNTIFS(Clean_Tickets!$I$2:$I$321,A58,Clean_Tickets!$E$2:$E$321,"Closed")+COUNTIFS(Clean_Tickets!$I$2:$I$321,A58,Clean_Tickets!$E$2:$E$321,"Resolved")),0) -> 18.070344 | L58: =IFERROR(SUMIF(Clean_Tickets!$I$2:$I$321,A58,Clean_Tickets!$L$2:$L$321)/COUNTIFS(Clean_Tickets!$I$2:$I$321,A58,Clean_Tickets!$L$2:$L$321,">0"),0) -> 4.0763889 | M58: =COUNTIFS(Clean_Tickets!$I$2:$I$321,A58,Clean_Tickets!$K$2:$K$321,"Yes") -> 16
A59: Email | B59: =COUNTIF(Clean_Tickets!$I$2:$I$321,A59) -> 81 | C59: =COUNTIFS(Clean_Tickets!$I$2:$I$321,A59,Clean_Tickets!$Q$2:$Q$321,"Met") -> 60 | D59: =COUNTIFS(Clean_Tickets!$I$2:$I$321,A59,Clean_Tickets!$Q$2:$Q$321,"Breached") -> 21 | E59: =IFERROR(C59/(C59+D59),0) -> 0.74074074 | F59: =COUNTIFS(Clean_Tickets!$I$2:$I$321,A59,Clean_Tickets!$R$2:$R$321,"Met") -> 56 | G59: =COUNTIFS(Clean_Tickets!$I$2:$I$321,A59,Clean_Tickets!$R$2:$R$321,"Breached") -> 20 | H59: =COUNTIFS(Clean_Tickets!$I$2:$I$321,A59,Clean_Tickets!$R$2:$R$321,"Pending") -> 5 | I59: =IFERROR(F59/(F59+G59),0) -> 0.73684211 | J59: =IFERROR(SUMIF(Clean_Tickets!$I$2:$I$321,A59,Clean_Tickets!$M$2:$M$321)/COUNTIF(Clean_Tickets!$I$2:$I$321,A59),0) -> 2.6436719 | K59: =IFERROR(SUMIF(Clean_Tickets!$I$2:$I$321,A59,Clean_Tickets!$N$2:$N$321)/(COUNTIFS(Clean_Tickets!$I$2:$I$321,A59,Clean_Tickets!$E$2:$E$321,"Closed")+COUNTIFS(Clean_Tickets!$I$2:$I$321,A59,Clean_Tickets!$E$2:$E$321,"Resolved")),0) -> 16.808213 | L59: =IFERROR(SUMIF(Clean_Tickets!$I$2:$I$321,A59,Clean_Tickets!$L$2:$L$321)/COUNTIFS(Clean_Tickets!$I$2:$I$321,A59,Clean_Tickets!$L$2:$L$321,">0"),0) -> 4.1184211 | M59: =COUNTIFS(Clean_Tickets!$I$2:$I$321,A59,Clean_Tickets!$K$2:$K$321,"Yes") -> 12
A60: Phone | B60: =COUNTIF(Clean_Tickets!$I$2:$I$321,A60) -> 45 | C60: =COUNTIFS(Clean_Tickets!$I$2:$I$321,A60,Clean_Tickets!$Q$2:$Q$321,"Met") -> 30 | D60: =COUNTIFS(Clean_Tickets!$I$2:$I$321,A60,Clean_Tickets!$Q$2:$Q$321,"Breached") -> 15 | E60: =IFERROR(C60/(C60+D60),0) -> 0.66666667 | F60: =COUNTIFS(Clean_Tickets!$I$2:$I$321,A60,Clean_Tickets!$R$2:$R$321,"Met") -> 30 | G60: =COUNTIFS(Clean_Tickets!$I$2:$I$321,A60,Clean_Tickets!$R$2:$R$321,"Breached") -> 12 | H60: =COUNTIFS(Clean_Tickets!$I$2:$I$321,A60,Clean_Tickets!$R$2:$R$321,"Pending") -> 3 | I60: =IFERROR(F60/(F60+G60),0) -> 0.71428571 | J60: =IFERROR(SUMIF(Clean_Tickets!$I$2:$I$321,A60,Clean_Tickets!$M$2:$M$321)/COUNTIF(Clean_Tickets!$I$2:$I$321,A60),0) -> 3.1506591 | K60: =IFERROR(SUMIF(Clean_Tickets!$I$2:$I$321,A60,Clean_Tickets!$N$2:$N$321)/(COUNTIFS(Clean_Tickets!$I$2:$I$321,A60,Clean_Tickets!$E$2:$E$321,"Closed")+COUNTIFS(Clean_Tickets!$I$2:$I$321,A60,Clean_Tickets!$E$2:$E$321,"Resolved")),0) -> 22.173515 | L60: =IFERROR(SUMIF(Clean_Tickets!$I$2:$I$321,A60,Clean_Tickets!$L$2:$L$321)/COUNTIFS(Clean_Tickets!$I$2:$I$321,A60,Clean_Tickets!$L$2:$L$321,">0"),0) -> 4.1666667 | M60: =COUNTIFS(Clean_Tickets!$I$2:$I$321,A60,Clean_Tickets!$K$2:$K$321,"Yes") -> 4
A61: Chat | B61: =COUNTIF(Clean_Tickets!$I$2:$I$321,A61) -> 44 | C61: =COUNTIFS(Clean_Tickets!$I$2:$I$321,A61,Clean_Tickets!$Q$2:$Q$321,"Met") -> 36 | D61: =COUNTIFS(Clean_Tickets!$I$2:$I$321,A61,Clean_Tickets!$Q$2:$Q$321,"Breached") -> 8 | E61: =IFERROR(C61/(C61+D61),0) -> 0.81818182 | F61: =COUNTIFS(Clean_Tickets!$I$2:$I$321,A61,Clean_Tickets!$R$2:$R$321,"Met") -> 26 | G61: =COUNTIFS(Clean_Tickets!$I$2:$I$321,A61,Clean_Tickets!$R$2:$R$321,"Breached") -> 16 | H61: =COUNTIFS(Clean_Tickets!$I$2:$I$321,A61,Clean_Tickets!$R$2:$R$321,"Pending") -> 2 | I61: =IFERROR(F61/(F61+G61),0) -> 0.61904762 | J61: =IFERROR(SUMIF(Clean_Tickets!$I$2:$I$321,A61,Clean_Tickets!$M$2:$M$321)/COUNTIF(Clean_Tickets!$I$2:$I$321,A61),0) -> 1.7931191 | K61: =IFERROR(SUMIF(Clean_Tickets!$I$2:$I$321,A61,Clean_Tickets!$N$2:$N$321)/(COUNTIFS(Clean_Tickets!$I$2:$I$321,A61,Clean_Tickets!$E$2:$E$321,"Closed")+COUNTIFS(Clean_Tickets!$I$2:$I$321,A61,Clean_Tickets!$E$2:$E$321,"Resolved")),0) -> 16.528231 | L61: =IFERROR(SUMIF(Clean_Tickets!$I$2:$I$321,A61,Clean_Tickets!$L$2:$L$321)/COUNTIFS(Clean_Tickets!$I$2:$I$321,A61,Clean_Tickets!$L$2:$L$321,">0"),0) -> 4.1666667 | M61: =COUNTIFS(Clean_Tickets!$I$2:$I$321,A61,Clean_Tickets!$K$2:$K$321,"Yes") -> 4
A64: Agent Performance
A65: Group | B65: Tickets | C65: Resp Met | D65: Resp Breached | E65: Resp SLA % | F65: Res Met | G65: Res Breached | H65: Res Pending | I65: Res SLA % | J65: Avg Resp Hrs | K65: Avg Res Hrs | L65: Avg CSAT | M65: Reopened
A66: Aman Verma | B66: =COUNTIF(Clean_Tickets!$S$2:$S$321,A66) -> 18 | C66: =COUNTIFS(Clean_Tickets!$S$2:$S$321,A66,Clean_Tickets!$Q$2:$Q$321,"Met") -> 16 | D66: =COUNTIFS(Clean_Tickets!$S$2:$S$321,A66,Clean_Tickets!$Q$2:$Q$321,"Breached") -> 2 | E66: =IFERROR(C66/(C66+D66),0) -> 0.88888889 | F66: =COUNTIFS(Clean_Tickets!$S$2:$S$321,A66,Clean_Tickets!$R$2:$R$321,"Met") -> 14 | G66: =COUNTIFS(Clean_Tickets!$S$2:$S$321,A66,Clean_Tickets!$R$2:$R$321,"Breached") -> 3 | H66: =COUNTIFS(Clean_Tickets!$S$2:$S$321,A66,Clean_Tickets!$R$2:$R$321,"Pending") -> 1 | I66: =IFERROR(F66/(F66+G66),0) -> 0.82352941 | J66: =IFERROR(SUMIF(Clean_Tickets!$S$2:$S$321,A66,Clean_Tickets!$M$2:$M$321)/COUNTIF(Clean_Tickets!$S$2:$S$321,A66),0) -> 1.2884182 | K66: =IFERROR(SUMIF(Clean_Tickets!$S$2:$S$321,A66,Clean_Tickets!$N$2:$N$321)/(COUNTIFS(Clean_Tickets!$S$2:$S$321,A66,Clean_Tickets!$E$2:$E$321,"Closed")+COUNTIFS(Clean_Tickets!$S$2:$S$321,A66,Clean_Tickets!$E$2:$E$321,"Resolved")),0) -> 6.6588139 | L66: =IFERROR(SUMIF(Clean_Tickets!$S$2:$S$321,A66,Clean_Tickets!$L$2:$L$321)/COUNTIFS(Clean_Tickets!$S$2:$S$321,A66,Clean_Tickets!$L$2:$L$321,">0"),0) -> 4.3529412 | M66: =COUNTIFS(Clean_Tickets!$S$2:$S$321,A66,Clean_Tickets!$K$2:$K$321,"Yes") -> 1
A67: Arjun Rao | B67: =COUNTIF(Clean_Tickets!$S$2:$S$321,A67) -> 26 | C67: =COUNTIFS(Clean_Tickets!$S$2:$S$321,A67,Clean_Tickets!$Q$2:$Q$321,"Met") -> 13 | D67: =COUNTIFS(Clean_Tickets!$S$2:$S$321,A67,Clean_Tickets!$Q$2:$Q$321,"Breached") -> 13 | E67: =IFERROR(C67/(C67+D67),0) -> 0.5 | F67: =COUNTIFS(Clean_Tickets!$S$2:$S$321,A67,Clean_Tickets!$R$2:$R$321,"Met") -> 9 | G67: =COUNTIFS(Clean_Tickets!$S$2:$S$321,A67,Clean_Tickets!$R$2:$R$321,"Breached") -> 15 | H67: =COUNTIFS(Clean_Tickets!$S$2:$S$321,A67,Clean_Tickets!$R$2:$R$321,"Pending") -> 2 | I67: =IFERROR(F67/(F67+G67),0) -> 0.375 | J67: =IFERROR(SUMIF(Clean_Tickets!$S$2:$S$321,A67,Clean_Tickets!$M$2:$M$321)/COUNTIF(Clean_Tickets!$S$2:$S$321,A67),0) -> 3.206165 | K67: =IFERROR(SUMIF(Clean_Tickets!$S$2:$S$321,A67,Clean_Tickets!$N$2:$N$321)/(COUNTIFS(Clean_Tickets!$S$2:$S$321,A67,Clean_Tickets!$E$2:$E$321,"Closed")+COUNTIFS(Clean_Tickets!$S$2:$S$321,A67,Clean_Tickets!$E$2:$E$321,"Resolved")),0) -> 26.661049 | L67: =IFERROR(SUMIF(Clean_Tickets!$S$2:$S$321,A67,Clean_Tickets!$L$2:$L$321)/COUNTIFS(Clean_Tickets!$S$2:$S$321,A67,Clean_Tickets!$L$2:$L$321,">0"),0) -> 3.875 | M67: =COUNTIFS(Clean_Tickets!$S$2:$S$321,A67,Clean_Tickets!$K$2:$K$321,"Yes") -> 5
A68: Dev Malhotra | B68: =COUNTIF(Clean_Tickets!$S$2:$S$321,A68) -> 24 | C68: =COUNTIFS(Clean_Tickets!$S$2:$S$321,A68,Clean_Tickets!$Q$2:$Q$321,"Met") -> 21 | D68: =COUNTIFS(Clean_Tickets!$S$2:$S$321,A68,Clean_Tickets!$Q$2:$Q$321,"Breached") -> 3 | E68: =IFERROR(C68/(C68+D68),0) -> 0.875 | F68: =COUNTIFS(Clean_Tickets!$S$2:$S$321,A68,Clean_Tickets!$R$2:$R$321,"Met") -> 16 | G68: =COUNTIFS(Clean_Tickets!$S$2:$S$321,A68,Clean_Tickets!$R$2:$R$321,"Breached") -> 7 | H68: =COUNTIFS(Clean_Tickets!$S$2:$S$321,A68,Clean_Tickets!$R$2:$R$321,"Pending") -> 1 | I68: =IFERROR(F68/(F68+G68),0) -> 0.69565217 | J68: =IFERROR(SUMIF(Clean_Tickets!$S$2:$S$321,A68,Clean_Tickets!$M$2:$M$321)/COUNTIF(Clean_Tickets!$S$2:$S$321,A68),0) -> 1.1541139 | K68: =IFERROR(SUMIF(Clean_Tickets!$S$2:$S$321,A68,Clean_Tickets!$N$2:$N$321)/(COUNTIFS(Clean_Tickets!$S$2:$S$321,A68,Clean_Tickets!$E$2:$E$321,"Closed")+COUNTIFS(Clean_Tickets!$S$2:$S$321,A68,Clean_Tickets!$E$2:$E$321,"Resolved")),0) -> 13.746033 | L68: =IFERROR(SUMIF(Clean_Tickets!$S$2:$S$321,A68,Clean_Tickets!$L$2:$L$321)/COUNTIFS(Clean_Tickets!$S$2:$S$321,A68,Clean_Tickets!$L$2:$L$321,">0"),0) -> 4.2608696 | M68: =COUNTIFS(Clean_Tickets!$S$2:$S$321,A68,Clean_Tickets!$K$2:$K$321,"Yes") -> 3
A69: Ishita Bose | B69: =COUNTIF(Clean_Tickets!$S$2:$S$321,A69) -> 46 | C69: =COUNTIFS(Clean_Tickets!$S$2:$S$321,A69,Clean_Tickets!$Q$2:$Q$321,"Met") -> 28 | D69: =COUNTIFS(Clean_Tickets!$S$2:$S$321,A69,Clean_Tickets!$Q$2:$Q$321,"Breached") -> 18 | E69: =IFERROR(C69/(C69+D69),0) -> 0.60869565 | F69: =COUNTIFS(Clean_Tickets!$S$2:$S$321,A69,Clean_Tickets!$R$2:$R$321,"Met") -> 31 | G69: =COUNTIFS(Clean_Tickets!$S$2:$S$321,A69,Clean_Tickets!$R$2:$R$321,"Breached") -> 12 | H69: =COUNTIFS(Clean_Tickets!$S$2:$S$321,A69,Clean_Tickets!$R$2:$R$321,"Pending") -> 3 | I69: =IFERROR(F69/(F69+G69),0) -> 0.72093023 | J69: =IFERROR(SUMIF(Clean_Tickets!$S$2:$S$321,A69,Clean_Tickets!$M$2:$M$321)/COUNTIF(Clean_Tickets!$S$2:$S$321,A69),0) -> 4.1115132 | K69: =IFERROR(SUMIF(Clean_Tickets!$S$2:$S$321,A69,Clean_Tickets!$N$2:$N$321)/(COUNTIFS(Clean_Tickets!$S$2:$S$321,A69,Clean_Tickets!$E$2:$E$321,"Closed")+COUNTIFS(Clean_Tickets!$S$2:$S$321,A69,Clean_Tickets!$E$2:$E$321,"Resolved")),0) -> 28.130902 | L69: =IFERROR(SUMIF(Clean_Tickets!$S$2:$S$321,A69,Clean_Tickets!$L$2:$L$321)/COUNTIFS(Clean_Tickets!$S$2:$S$321,A69,Clean_Tickets!$L$2:$L$321,">0"),0) -> 4.1627907 | M69: =COUNTIFS(Clean_Tickets!$S$2:$S$321,A69,Clean_Tickets!$K$2:$K$321,"Yes") -> 4
A70: Kabir Mehta | B70: =COUNTIF(Clean_Tickets!$S$2:$S$321,A70) -> 36 | C70: =COUNTIFS(Clean_Tickets!$S$2:$S$321,A70,Clean_Tickets!$Q$2:$Q$321,"Met") -> 29 | D70: =COUNTIFS(Clean_Tickets!$S$2:$S$321,A70,Clean_Tickets!$Q$2:$Q$321,"Breached") -> 7 | E70: =IFERROR(C70/(C70+D70),0) -> 0.80555556 | F70: =COUNTIFS(Clean_Tickets!$S$2:$S$321,A70,Clean_Tickets!$R$2:$R$321,"Met") -> 22 | G70: =COUNTIFS(Clean_Tickets!$S$2:$S$321,A70,Clean_Tickets!$R$2:$R$321,"Breached") -> 12 | H70: =COUNTIFS(Clean_Tickets!$S$2:$S$321,A70,Clean_Tickets!$R$2:$R$321,"Pending") -> 2 | I70: =IFERROR(F70/(F70+G70),0) -> 0.64705882 | J70: =IFERROR(SUMIF(Clean_Tickets!$S$2:$S$321,A70,Clean_Tickets!$M$2:$M$321)/COUNTIF(Clean_Tickets!$S$2:$S$321,A70),0) -> 3.8954792 | K70: =IFERROR(SUMIF(Clean_Tickets!$S$2:$S$321,A70,Clean_Tickets!$N$2:$N$321)/(COUNTIFS(Clean_Tickets!$S$2:$S$321,A70,Clean_Tickets!$E$2:$E$321,"Closed")+COUNTIFS(Clean_Tickets!$S$2:$S$321,A70,Clean_Tickets!$E$2:$E$321,"Resolved")),0) -> 24.591879 | L70: =IFERROR(SUMIF(Clean_Tickets!$S$2:$S$321,A70,Clean_Tickets!$L$2:$L$321)/COUNTIFS(Clean_Tickets!$S$2:$S$321,A70,Clean_Tickets!$L$2:$L$321,">0"),0) -> 4.2352941 | M70: =COUNTIFS(Clean_Tickets!$S$2:$S$321,A70,Clean_Tickets!$K$2:$K$321,"Yes") -> 4
A71: Meera Nair | B71: =COUNTIF(Clean_Tickets!$S$2:$S$321,A71) -> 25 | C71: =COUNTIFS(Clean_Tickets!$S$2:$S$321,A71,Clean_Tickets!$Q$2:$Q$321,"Met") -> 17 | D71: =COUNTIFS(Clean_Tickets!$S$2:$S$321,A71,Clean_Tickets!$Q$2:$Q$321,"Breached") -> 8 | E71: =IFERROR(C71/(C71+D71),0) -> 0.68 | F71: =COUNTIFS(Clean_Tickets!$S$2:$S$321,A71,Clean_Tickets!$R$2:$R$321,"Met") -> 16 | G71: =COUNTIFS(Clean_Tickets!$S$2:$S$321,A71,Clean_Tickets!$R$2:$R$321,"Breached") -> 8 | H71: =COUNTIFS(Clean_Tickets!$S$2:$S$321,A71,Clean_Tickets!$R$2:$R$321,"Pending") -> 1 | I71: =IFERROR(F71/(F71+G71),0) -> 0.66666667 | J71: =IFERROR(SUMIF(Clean_Tickets!$S$2:$S$321,A71,Clean_Tickets!$M$2:$M$321)/COUNTIF(Clean_Tickets!$S$2:$S$321,A71),0) -> 2.2742517 | K71: =IFERROR(SUMIF(Clean_Tickets!$S$2:$S$321,A71,Clean_Tickets!$N$2:$N$321)/(COUNTIFS(Clean_Tickets!$S$2:$S$321,A71,Clean_Tickets!$E$2:$E$321,"Closed")+COUNTIFS(Clean_Tickets!$S$2:$S$321,A71,Clean_Tickets!$E$2:$E$321,"Resolved")),0) -> 13.190369 | L71: =IFERROR(SUMIF(Clean_Tickets!$S$2:$S$321,A71,Clean_Tickets!$L$2:$L$321)/COUNTIFS(Clean_Tickets!$S$2:$S$321,A71,Clean_Tickets!$L$2:$L$321,">0"),0) -> 4 | M71: =COUNTIFS(Clean_Tickets!$S$2:$S$321,A71,Clean_Tickets!$K$2:$K$321,"Yes") -> 3
A72: Neha Iyer | B72: =COUNTIF(Clean_Tickets!$S$2:$S$321,A72) -> 20 | C72: =COUNTIFS(Clean_Tickets!$S$2:$S$321,A72,Clean_Tickets!$Q$2:$Q$321,"Met") -> 17 | D72: =COUNTIFS(Clean_Tickets!$S$2:$S$321,A72,Clean_Tickets!$Q$2:$Q$321,"Breached") -> 3 | E72: =IFERROR(C72/(C72+D72),0) -> 0.85 | F72: =COUNTIFS(Clean_Tickets!$S$2:$S$321,A72,Clean_Tickets!$R$2:$R$321,"Met") -> 20 | G72: =COUNTIFS(Clean_Tickets!$S$2:$S$321,A72,Clean_Tickets!$R$2:$R$321,"Breached") -> 0 | H72: =COUNTIFS(Clean_Tickets!$S$2:$S$321,A72,Clean_Tickets!$R$2:$R$321,"Pending") -> 0 | I72: =IFERROR(F72/(F72+G72),0) -> 1 | J72: =IFERROR(SUMIF(Clean_Tickets!$S$2:$S$321,A72,Clean_Tickets!$M$2:$M$321)/COUNTIF(Clean_Tickets!$S$2:$S$321,A72),0) -> 0.72109724 | K72: =IFERROR(SUMIF(Clean_Tickets!$S$2:$S$321,A72,Clean_Tickets!$N$2:$N$321)/(COUNTIFS(Clean_Tickets!$S$2:$S$321,A72,Clean_Tickets!$E$2:$E$321,"Closed")+COUNTIFS(Clean_Tickets!$S$2:$S$321,A72,Clean_Tickets!$E$2:$E$321,"Resolved")),0) -> 3.9902692 | L72: =IFERROR(SUMIF(Clean_Tickets!$S$2:$S$321,A72,Clean_Tickets!$L$2:$L$321)/COUNTIFS(Clean_Tickets!$S$2:$S$321,A72,Clean_Tickets!$L$2:$L$321,">0"),0) -> 4.1 | M72: =COUNTIFS(Clean_Tickets!$S$2:$S$321,A72,Clean_Tickets!$K$2:$K$321,"Yes") -> 4
A73: Riya Shah | B73: =COUNTIF(Clean_Tickets!$S$2:$S$321,A73) -> 36 | C73: =COUNTIFS(Clean_Tickets!$S$2:$S$321,A73,Clean_Tickets!$Q$2:$Q$321,"Met") -> 31 | D73: =COUNTIFS(Clean_Tickets!$S$2:$S$321,A73,Clean_Tickets!$Q$2:$Q$321,"Breached") -> 5 | E73: =IFERROR(C73/(C73+D73),0) -> 0.86111111 | F73: =COUNTIFS(Clean_Tickets!$S$2:$S$321,A73,Clean_Tickets!$R$2:$R$321,"Met") -> 27 | G73: =COUNTIFS(Clean_Tickets!$S$2:$S$321,A73,Clean_Tickets!$R$2:$R$321,"Breached") -> 6 | H73: =COUNTIFS(Clean_Tickets!$S$2:$S$321,A73,Clean_Tickets!$R$2:$R$321,"Pending") -> 3 | I73: =IFERROR(F73/(F73+G73),0) -> 0.81818182 | J73: =IFERROR(SUMIF(Clean_Tickets!$S$2:$S$321,A73,Clean_Tickets!$M$2:$M$321)/COUNTIF(Clean_Tickets!$S$2:$S$321,A73),0) -> 3.1891998 | K73: =IFERROR(SUMIF(Clean_Tickets!$S$2:$S$321,A73,Clean_Tickets!$N$2:$N$321)/(COUNTIFS(Clean_Tickets!$S$2:$S$321,A73,Clean_Tickets!$E$2:$E$321,"Closed")+COUNTIFS(Clean_Tickets!$S$2:$S$321,A73,Clean_Tickets!$E$2:$E$321,"Resolved")),0) -> 19.834067 | L73: =IFERROR(SUMIF(Clean_Tickets!$S$2:$S$321,A73,Clean_Tickets!$L$2:$L$321)/COUNTIFS(Clean_Tickets!$S$2:$S$321,A73,Clean_Tickets!$L$2:$L$321,">0"),0) -> 4.0909091 | M73: =COUNTIFS(Clean_Tickets!$S$2:$S$321,A73,Clean_Tickets!$K$2:$K$321,"Yes") -> 4
A74: Rohan Sen | B74: =COUNTIF(Clean_Tickets!$S$2:$S$321,A74) -> 23 | C74: =COUNTIFS(Clean_Tickets!$S$2:$S$321,A74,Clean_Tickets!$Q$2:$Q$321,"Met") -> 17 | D74: =COUNTIFS(Clean_Tickets!$S$2:$S$321,A74,Clean_Tickets!$Q$2:$Q$321,"Breached") -> 6 | E74: =IFERROR(C74/(C74+D74),0) -> 0.73913043 | F74: =COUNTIFS(Clean_Tickets!$S$2:$S$321,A74,Clean_Tickets!$R$2:$R$321,"Met") -> 15 | G74: =COUNTIFS(Clean_Tickets!$S$2:$S$321,A74,Clean_Tickets!$R$2:$R$321,"Breached") -> 6 | H74: =COUNTIFS(Clean_Tickets!$S$2:$S$321,A74,Clean_Tickets!$R$2:$R$321,"Pending") -> 2 | I74: =IFERROR(F74/(F74+G74),0) -> 0.71428571 | J74: =IFERROR(SUMIF(Clean_Tickets!$S$2:$S$321,A74,Clean_Tickets!$M$2:$M$321)/COUNTIF(Clean_Tickets!$S$2:$S$321,A74),0) -> 3.5750259 | K74: =IFERROR(SUMIF(Clean_Tickets!$S$2:$S$321,A74,Clean_Tickets!$N$2:$N$321)/(COUNTIFS(Clean_Tickets!$S$2:$S$321,A74,Clean_Tickets!$E$2:$E$321,"Closed")+COUNTIFS(Clean_Tickets!$S$2:$S$321,A74,Clean_Tickets!$E$2:$E$321,"Resolved")),0) -> 18.851294 | L74: =IFERROR(SUMIF(Clean_Tickets!$S$2:$S$321,A74,Clean_Tickets!$L$2:$L$321)/COUNTIFS(Clean_Tickets!$S$2:$S$321,A74,Clean_Tickets!$L$2:$L$321,">0"),0) -> 4.3333333 | M74: =COUNTIFS(Clean_Tickets!$S$2:$S$321,A74,Clean_Tickets!$K$2:$K$321,"Yes") -> 2
A75: Sana Khan | B75: =COUNTIF(Clean_Tickets!$S$2:$S$321,A75) -> 22 | C75: =COUNTIFS(Clean_Tickets!$S$2:$S$321,A75,Clean_Tickets!$Q$2:$Q$321,"Met") -> 17 | D75: =COUNTIFS(Clean_Tickets!$S$2:$S$321,A75,Clean_Tickets!$Q$2:$Q$321,"Breached") -> 5 | E75: =IFERROR(C75/(C75+D75),0) -> 0.77272727 | F75: =COUNTIFS(Clean_Tickets!$S$2:$S$321,A75,Clean_Tickets!$R$2:$R$321,"Met") -> 12 | G75: =COUNTIFS(Clean_Tickets!$S$2:$S$321,A75,Clean_Tickets!$R$2:$R$321,"Breached") -> 10 | H75: =COUNTIFS(Clean_Tickets!$S$2:$S$321,A75,Clean_Tickets!$R$2:$R$321,"Pending") -> 0 | I75: =IFERROR(F75/(F75+G75),0) -> 0.54545455 | J75: =IFERROR(SUMIF(Clean_Tickets!$S$2:$S$321,A75,Clean_Tickets!$M$2:$M$321)/COUNTIF(Clean_Tickets!$S$2:$S$321,A75),0) -> 2.3120609 | K75: =IFERROR(SUMIF(Clean_Tickets!$S$2:$S$321,A75,Clean_Tickets!$N$2:$N$321)/(COUNTIFS(Clean_Tickets!$S$2:$S$321,A75,Clean_Tickets!$E$2:$E$321,"Closed")+COUNTIFS(Clean_Tickets!$S$2:$S$321,A75,Clean_Tickets!$E$2:$E$321,"Resolved")),0) -> 18.808693 | L75: =IFERROR(SUMIF(Clean_Tickets!$S$2:$S$321,A75,Clean_Tickets!$L$2:$L$321)/COUNTIFS(Clean_Tickets!$S$2:$S$321,A75,Clean_Tickets!$L$2:$L$321,">0"),0) -> 3.9545455 | M75: =COUNTIFS(Clean_Tickets!$S$2:$S$321,A75,Clean_Tickets!$K$2:$K$321,"Yes") -> 1
A76: Tanya Joshi | B76: =COUNTIF(Clean_Tickets!$S$2:$S$321,A76) -> 19 | C76: =COUNTIFS(Clean_Tickets!$S$2:$S$321,A76,Clean_Tickets!$Q$2:$Q$321,"Met") -> 18 | D76: =COUNTIFS(Clean_Tickets!$S$2:$S$321,A76,Clean_Tickets!$Q$2:$Q$321,"Breached") -> 1 | E76: =IFERROR(C76/(C76+D76),0) -> 0.94736842 | F76: =COUNTIFS(Clean_Tickets!$S$2:$S$321,A76,Clean_Tickets!$R$2:$R$321,"Met") -> 19 | G76: =COUNTIFS(Clean_Tickets!$S$2:$S$321,A76,Clean_Tickets!$R$2:$R$321,"Breached") -> 0 | H76: =COUNTIFS(Clean_Tickets!$S$2:$S$321,A76,Clean_Tickets!$R$2:$R$321,"Pending") -> 0 | I76: =IFERROR(F76/(F76+G76),0) -> 1 | J76: =IFERROR(SUMIF(Clean_Tickets!$S$2:$S$321,A76,Clean_Tickets!$M$2:$M$321)/COUNTIF(Clean_Tickets!$S$2:$S$321,A76),0) -> 0.87272877 | K76: =IFERROR(SUMIF(Clean_Tickets!$S$2:$S$321,A76,Clean_Tickets!$N$2:$N$321)/(COUNTIFS(Clean_Tickets!$S$2:$S$321,A76,Clean_Tickets!$E$2:$E$321,"Closed")+COUNTIFS(Clean_Tickets!$S$2:$S$321,A76,Clean_Tickets!$E$2:$E$321,"Resolved")),0) -> 5.4453852 | L76: =IFERROR(SUMIF(Clean_Tickets!$S$2:$S$321,A76,Clean_Tickets!$L$2:$L$321)/COUNTIFS(Clean_Tickets!$S$2:$S$321,A76,Clean_Tickets!$L$2:$L$321,">0"),0) -> 4.2631579 | M76: =COUNTIFS(Clean_Tickets!$S$2:$S$321,A76,Clean_Tickets!$K$2:$K$321,"Yes") -> 2
A77: Vikram Pillai | B77: =COUNTIF(Clean_Tickets!$S$2:$S$321,A77) -> 25 | C77: =COUNTIFS(Clean_Tickets!$S$2:$S$321,A77,Clean_Tickets!$Q$2:$Q$321,"Met") -> 16 | D77: =COUNTIFS(Clean_Tickets!$S$2:$S$321,A77,Clean_Tickets!$Q$2:$Q$321,"Breached") -> 9 | E77: =IFERROR(C77/(C77+D77),0) -> 0.64 | F77: =COUNTIFS(Clean_Tickets!$S$2:$S$321,A77,Clean_Tickets!$R$2:$R$321,"Met") -> 12 | G77: =COUNTIFS(Clean_Tickets!$S$2:$S$321,A77,Clean_Tickets!$R$2:$R$321,"Breached") -> 12 | H77: =COUNTIFS(Clean_Tickets!$S$2:$S$321,A77,Clean_Tickets!$R$2:$R$321,"Pending") -> 1 | I77: =IFERROR(F77/(F77+G77),0) -> 0.5 | J77: =IFERROR(SUMIF(Clean_Tickets!$S$2:$S$321,A77,Clean_Tickets!$M$2:$M$321)/COUNTIF(Clean_Tickets!$S$2:$S$321,A77),0) -> 1.8135289 | K77: =IFERROR(SUMIF(Clean_Tickets!$S$2:$S$321,A77,Clean_Tickets!$N$2:$N$321)/(COUNTIFS(Clean_Tickets!$S$2:$S$321,A77,Clean_Tickets!$E$2:$E$321,"Closed")+COUNTIFS(Clean_Tickets!$S$2:$S$321,A77,Clean_Tickets!$E$2:$E$321,"Resolved")),0) -> 17.750892 | L77: =IFERROR(SUMIF(Clean_Tickets!$S$2:$S$321,A77,Clean_Tickets!$L$2:$L$321)/COUNTIFS(Clean_Tickets!$S$2:$S$321,A77,Clean_Tickets!$L$2:$L$321,">0"),0) -> 3.75 | M77: =COUNTIFS(Clean_Tickets!$S$2:$S$321,A77,Clean_Tickets!$K$2:$K$321,"Yes") -> 3
A80: Department × Issue Category Matrix
A81: Department | B81: Password / Access | C81: Laptop / Hardware | D81: Email / Collaboration | E81: VPN / Network | F81: ERP / Finance App | G81: CRM / Sales App | H81: Server / Connectivity | I81: Printer / Peripheral
A82: Operations | B82: =COUNTIFS(Clean_Tickets!$H$2:$H$321,$A82,Clean_Tickets!$G$2:$G$321,B$81) -> 9 | C82: =COUNTIFS(Clean_Tickets!$H$2:$H$321,$A82,Clean_Tickets!$G$2:$G$321,C$81) -> 7 | D82: =COUNTIFS(Clean_Tickets!$H$2:$H$321,$A82,Clean_Tickets!$G$2:$G$321,D$81) -> 9 | E82: =COUNTIFS(Clean_Tickets!$H$2:$H$321,$A82,Clean_Tickets!$G$2:$G$321,E$81) -> 7 | F82: =COUNTIFS(Clean_Tickets!$H$2:$H$321,$A82,Clean_Tickets!$G$2:$G$321,F$81) -> 4 | G82: =COUNTIFS(Clean_Tickets!$H$2:$H$321,$A82,Clean_Tickets!$G$2:$G$321,G$81) -> 6 | H82: =COUNTIFS(Clean_Tickets!$H$2:$H$321,$A82,Clean_Tickets!$G$2:$G$321,H$81) -> 3 | I82: =COUNTIFS(Clean_Tickets!$H$2:$H$321,$A82,Clean_Tickets!$G$2:$G$321,I$81) -> 5
A83: Sales | B83: =COUNTIFS(Clean_Tickets!$H$2:$H$321,$A83,Clean_Tickets!$G$2:$G$321,B$81) -> 8 | C83: =COUNTIFS(Clean_Tickets!$H$2:$H$321,$A83,Clean_Tickets!$G$2:$G$321,C$81) -> 6 | D83: =COUNTIFS(Clean_Tickets!$H$2:$H$321,$A83,Clean_Tickets!$G$2:$G$321,D$81) -> 7 | E83: =COUNTIFS(Clean_Tickets!$H$2:$H$321,$A83,Clean_Tickets!$G$2:$G$321,E$81) -> 3 | F83: =COUNTIFS(Clean_Tickets!$H$2:$H$321,$A83,Clean_Tickets!$G$2:$G$321,F$81) -> 9 | G83: =COUNTIFS(Clean_Tickets!$H$2:$H$321,$A83,Clean_Tickets!$G$2:$G$321,G$81) -> 3 | H83: =COUNTIFS(Clean_Tickets!$H$2:$H$321,$A83,Clean_Tickets!$G$2:$G$321,H$81) -> 6 | I83: =COUNTIFS(Clean_Tickets!$H$2:$H$321,$A83,Clean_Tickets!$G$2:$G$321,I$81) -> 2
A84: Engineering | B84: =COUNTIFS(Clean_Tickets!$H$2:$H$321,$A84,Clean_Tickets!$G$2:$G$321,B$81) -> 11 | C84: =COUNTIFS(Clean_Tickets!$H$2:$H$321,$A84,Clean_Tickets!$G$2:$G$321,C$81) -> 6 | D84: =COUNTIFS(Clean_Tickets!$H$2:$H$321,$A84,Clean_Tickets!$G$2:$G$321,D$81) -> 5 | E84: =COUNTIFS(Clean_Tickets!$H$2:$H$321,$A84,Clean_Tickets!$G$2:$G$321,E$81) -> 5 | F84: =COUNTIFS(Clean_Tickets!$H$2:$H$321,$A84,Clean_Tickets!$G$2:$G$321,F$81) -> 3 | G84: =COUNTIFS(Clean_Tickets!$H$2:$H$321,$A84,Clean_Tickets!$G$2:$G$321,G$81) -> 5 | H84: =COUNTIFS(Clean_Tickets!$H$2:$H$321,$A84,Clean_Tickets!$G$2:$G$321,H$81) -> 7 | I84: =COUNTIFS(Clean_Tickets!$H$2:$H$321,$A84,Clean_Tickets!$G$2:$G$321,I$81) -> 1
A85: Finance | B85: =COUNTIFS(Clean_Tickets!$H$2:$H$321,$A85,Clean_Tickets!$G$2:$G$321,B$81) -> 5 | C85: =COUNTIFS(Clean_Tickets!$H$2:$H$321,$A85,Clean_Tickets!$G$2:$G$321,C$81) -> 7 | D85: =COUNTIFS(Clean_Tickets!$H$2:$H$321,$A85,Clean_Tickets!$G$2:$G$321,D$81) -> 7 | E85: =COUNTIFS(Clean_Tickets!$H$2:$H$321,$A85,Clean_Tickets!$G$2:$G$321,E$81) -> 3 | F85: =COUNTIFS(Clean_Tickets!$H$2:$H$321,$A85,Clean_Tickets!$G$2:$G$321,F$81) -> 7 | G85: =COUNTIFS(Clean_Tickets!$H$2:$H$321,$A85,Clean_Tickets!$G$2:$G$321,G$81) -> 5 | H85: =COUNTIFS(Clean_Tickets!$H$2:$H$321,$A85,Clean_Tickets!$G$2:$G$321,H$81) -> 4 | I85: =COUNTIFS(Clean_Tickets!$H$2:$H$321,$A85,Clean_Tickets!$G$2:$G$321,I$81) -> 2
A86: Product | B86: =COUNTIFS(Clean_Tickets!$H$2:$H$321,$A86,Clean_Tickets!$G$2:$G$321,B$81) -> 7 | C86: =COUNTIFS(Clean_Tickets!$H$2:$H$321,$A86,Clean_Tickets!$G$2:$G$321,C$81) -> 6 | D86: =COUNTIFS(Clean_Tickets!$H$2:$H$321,$A86,Clean_Tickets!$G$2:$G$321,D$81) -> 3 | E86: =COUNTIFS(Clean_Tickets!$H$2:$H$321,$A86,Clean_Tickets!$G$2:$G$321,E$81) -> 7 | F86: =COUNTIFS(Clean_Tickets!$H$2:$H$321,$A86,Clean_Tickets!$G$2:$G$321,F$81) -> 5 | G86: =COUNTIFS(Clean_Tickets!$H$2:$H$321,$A86,Clean_Tickets!$G$2:$G$321,G$81) -> 3 | H86: =COUNTIFS(Clean_Tickets!$H$2:$H$321,$A86,Clean_Tickets!$G$2:$G$321,H$81) -> 5 | I86: =COUNTIFS(Clean_Tickets!$H$2:$H$321,$A86,Clean_Tickets!$G$2:$G$321,I$81) -> 2
A87: Marketing | B87: =COUNTIFS(Clean_Tickets!$H$2:$H$321,$A87,Clean_Tickets!$G$2:$G$321,B$81) -> 7 | C87: =COUNTIFS(Clean_Tickets!$H$2:$H$321,$A87,Clean_Tickets!$G$2:$G$321,C$81) -> 10 | D87: =COUNTIFS(Clean_Tickets!$H$2:$H$321,$A87,Clean_Tickets!$G$2:$G$321,D$81) -> 7 | E87: =COUNTIFS(Clean_Tickets!$H$2:$H$321,$A87,Clean_Tickets!$G$2:$G$321,E$81) -> 4 | F87: =COUNTIFS(Clean_Tickets!$H$2:$H$321,$A87,Clean_Tickets!$G$2:$G$321,F$81) -> 1 | G87: =COUNTIFS(Clean_Tickets!$H$2:$H$321,$A87,Clean_Tickets!$G$2:$G$321,G$81) -> 5 | H87: =COUNTIFS(Clean_Tickets!$H$2:$H$321,$A87,Clean_Tickets!$G$2:$G$321,H$81) -> 3 | I87: =COUNTIFS(Clean_Tickets!$H$2:$H$321,$A87,Clean_Tickets!$G$2:$G$321,I$81) -> 0
A88: Human Resources | B88: =COUNTIFS(Clean_Tickets!$H$2:$H$321,$A88,Clean_Tickets!$G$2:$G$321,B$81) -> 7 | C88: =COUNTIFS(Clean_Tickets!$H$2:$H$321,$A88,Clean_Tickets!$G$2:$G$321,C$81) -> 8 | D88: =COUNTIFS(Clean_Tickets!$H$2:$H$321,$A88,Clean_Tickets!$G$2:$G$321,D$81) -> 4 | E88: =COUNTIFS(Clean_Tickets!$H$2:$H$321,$A88,Clean_Tickets!$G$2:$G$321,E$81) -> 5 | F88: =COUNTIFS(Clean_Tickets!$H$2:$H$321,$A88,Clean_Tickets!$G$2:$G$321,F$81) -> 2 | G88: =COUNTIFS(Clean_Tickets!$H$2:$H$321,$A88,Clean_Tickets!$G$2:$G$321,G$81) -> 5 | H88: =COUNTIFS(Clean_Tickets!$H$2:$H$321,$A88,Clean_Tickets!$G$2:$G$321,H$81) -> 1 | I88: =COUNTIFS(Clean_Tickets!$H$2:$H$321,$A88,Clean_Tickets!$G$2:$G$321,I$81) -> 5
A89: Legal | B89: =COUNTIFS(Clean_Tickets!$H$2:$H$321,$A89,Clean_Tickets!$G$2:$G$321,B$81) -> 3 | C89: =COUNTIFS(Clean_Tickets!$H$2:$H$321,$A89,Clean_Tickets!$G$2:$G$321,C$81) -> 3 | D89: =COUNTIFS(Clean_Tickets!$H$2:$H$321,$A89,Clean_Tickets!$G$2:$G$321,D$81) -> 3 | E89: =COUNTIFS(Clean_Tickets!$H$2:$H$321,$A89,Clean_Tickets!$G$2:$G$321,E$81) -> 6 | F89: =COUNTIFS(Clean_Tickets!$H$2:$H$321,$A89,Clean_Tickets!$G$2:$G$321,F$81) -> 5 | G89: =COUNTIFS(Clean_Tickets!$H$2:$H$321,$A89,Clean_Tickets!$G$2:$G$321,G$81) -> 3 | H89: =COUNTIFS(Clean_Tickets!$H$2:$H$321,$A89,Clean_Tickets!$G$2:$G$321,H$81) -> 5 | I89: =COUNTIFS(Clean_Tickets!$H$2:$H$321,$A89,Clean_Tickets!$G$2:$G$321,I$81) -> 3

Sheet Dashboard
B1: IT HELPDESK PERFORMANCE
B2: 320-ticket cleaned portfolio analysis | SLA, workload, customer experience and operational patterns
A4: Total Tickets | C4: Response SLA | E4: Resolution SLA | G4: Avg CSAT | I4: Reopen Rate | K4: Avg Resolution Hrs
A5: =Analysis!B4 -> 320 | C5: =Analysis!B12 -> 0.75 | E5: =Analysis!B13 -> 0.70065789 | G5: =Analysis!B11 -> 4.1118421 | I5: =Analysis!B8 -> 0.1125 | K5: =Analysis!B10 -> 18.108642
A8: Key Business Findings
A9: • Password / Access is the largest issue category (57 tickets), followed by Laptop / Hardware (53). | G9: • Operations generates the most tickets (50) but has strong resolution SLA performance (~89.8%); Legal and Marketing are weaker (~58–60%).
A10: • Server / Connectivity has the weakest resolution SLA compliance (~46.9%); CRM / Sales App is ~50.0%. | G10: • Critical tickets receive the fastest service and strongest SLA performance; lower priorities naturally have longer absolute resolution times because targets differ.
A11: • Identity & Access performs strongest on resolution SLA (~94.6%), while Business Apps is lowest among support teams (~53.7%). | G11: • 36 tickets were reopened (11.3%); use reopened cases with issue category/agent context as a quality follow-up signal, not a standalone performance verdict.

Sheet Findings
A1: Portfolio Findings & Recommendations
A3: Area | B3: Finding | C3: Evidence | D3: Interpretation | E3: Recommendation | F3: Caution
A4: Demand | B4: Password / Access and Laptop / Hardware drive the most ticket volume. | C4: 57 and 53 tickets respectively. | D4: These are the largest recurring support-demand areas. | E4: Prioritize self-service/password workflows and recurring hardware troubleshooting playbooks. | F4: Volume does not by itself imply poor service quality.
A5: SLA | B5: Server / Connectivity and CRM / Sales App have the weakest resolution SLA performance. | C5: Resolution SLA ~46.9% and 50.0%. | D5: These categories deserve process/root-cause investigation. | E5: Review escalation paths, dependencies and common blockers for these categories. | F5: SLA targets differ by priority, so compare compliance rather than raw hours alone.
A6: Team | B6: Business Apps has the lowest resolution SLA compliance among support teams. | C6: ~53.7% resolution SLA compliance. | D6: Application-related cases may be harder to resolve within target. | E6: Review ERP/CRM workflows and escalation ownership. | F6: Do not infer individual agent quality from team-level results.
A7: Strength | B7: Identity & Access shows very strong SLA performance. | C7: ~89.5% response SLA and ~94.6% resolution SLA. | D7: Password/access work appears comparatively standardized and predictable. | E7: Document and reuse successful workflow patterns where transferable. | F7: Different issue complexity limits direct cross-team comparison.
A8: Department | B8: Operations has the highest ticket volume. | C8: 50 tickets; top issues include Email / Collaboration and Password / Access (9 each). | D8: High volume can indicate heavier operational dependency on IT. | E8: Target recurring Operations issues with focused support content and root-cause review. | F8: High volume is not automatically a negative outcome.
A9: Quality | B9: 36 tickets were reopened. | C9: 11.3% of 320 tickets. | D9: Reopened cases can signal incomplete resolution or recurring issues. | E9: Review reopened tickets by category/team and sample case notes where available. | F9: Reopen status alone does not prove poor agent performance.
A10: Customer | B10: Average CSAT is strong overall. | C10: 4.11 across 304 rated tickets. | D10: Users generally report positive support experiences. | E10: Track CSAT alongside SLA and reopened tickets for a balanced view. | F10: 16 tickets have no CSAT, and averages can hide distribution.
